steep_time,water_temp,milk_temp,sugar_level,tea_type_code,queue_length,prep_time_min
162,89,11,9.0,3,9,13.329520646100066
211,72,0,14.5,2,5,9.692855726839674
295,94,0,9.2,2,2,6.412898967859994
190,74,24,6.8,2,3,6.364229558825235
68,95,0,10.3,3,6,9.05844743028185
94,83,7,4.7,2,5,6.932573642217451
250,87,37,5.9,2,7,12.20943272891579
249,77,21,8.1,2,8,13.17680914478423
100,98,4,0.2,1,7,9.28513326937341
122,80,0,10.7,3,0,2.2725534629388138
100,97,11,6.7,1,6,8.313499179663651
158,81,30,8.4,3,4,6.676451912877308
201,76,0,10.7,2,9,12.954641487863874
155,76,35,10.4,1,6,9.944685882328592
88,73,10,4.3,2,1,1.9931827240769036
193,97,23,13.4,3,9,13.387854075027665
249,70,0,9.7,1,3,6.330305013383495
257,77,40,10.4,2,7,11.817690477500328
155,93,15,3.8,2,2,4.172067416115505
140,96,5,6.2,3,4,7.551841369801564
185,71,29,14.8,3,3,6.151171091705236
204,100,8,9.5,2,5,8.439679590735114
156,78,9,10.4,3,3,5.371623850711405
149,72,23,9.7,1,0,2.452339753828047
163,70,28,3.1,3,9,13.608425275351498
149,85,5,14.9,2,4,7.1682747304575445
68,78,19,13.5,2,7,10.120332226580784
171,99,28,0.1,2,1,2.255271553263812
248,78,0,0.3,2,4,7.962069903232457
195,76,36,8.1,3,2,4.515714919620944
217,75,11,9.5,2,4,9.198877746197537
251,70,0,10.8,3,3,7.049323365568344
76,81,32,4.2,2,2,4.089731348216209
154,72,24,2.9,1,2,4.8037135387317695
282,91,27,3.1,3,5,9.137151222979455
293,71,36,2.0,2,6,11.570894313311612
158,87,16,1.2,3,8,11.351700522606123
67,83,15,13.3,3,1,2.5641780657213356
145,88,25,8.9,2,0,1.745106529852055
284,77,8,6.9,2,3,8.245218228057457
227,89,0,14.5,2,2,5.217440100949139
151,95,0,0.4,1,6,10.35231220517985
188,95,37,3.6,2,8,11.66289135616581
75,98,8,9.2,3,2,3.4096292983851733
288,91,0,1.7,1,0,4.209546190929994
159,70,40,6.0,2,5,8.134977756651509
282,79,35,12.8,1,3,7.673884183878812
61,86,35,14.1,2,2,3.304099827781001
238,80,6,12.3,2,10,15.417162600534184
140,95,29,10.2,2,1,3.3191226045337996
117,90,14,13.2,1,4,6.690371979427633
160,78,38,14.9,2,0,2.0320653025760596
249,74,0,10.2,3,8,12.691571065230923
172,99,28,4.8,3,2,5.068749842910887
187,89,19,6.7,3,8,11.561340297263257
112,92,17,8.2,1,2,4.052120412068206
205,84,0,11.4,1,5,9.014149952221027
229,78,5,1.2,1,5,9.74884383587113
130,94,39,5.6,3,2,4.572120449465668
150,79,6,3.8,2,9,13.475972233782342
186,78,6,8.8,2,8,11.547195013763957
115,70,0,14.4,1,4,6.557631272063902
206,89,0,2.5,1,0,3.503539107540032
203,92,0,4.2,2,7,10.541908603797154
151,73,31,1.2,1,3,4.905313408134557
271,82,32,2.0,3,5,9.001550063156346
115,99,8,0.4,1,5,7.989405428878259
122,94,30,8.5,1,1,3.2945617923370905
192,75,26,11.5,1,9,13.314967264260376
137,78,0,14.3,1,3,6.054140772377777
91,71,11,0.3,2,1,3.399398290993477
109,81,8,1.3,3,8,11.090037360936485
210,84,17,10.6,3,6,10.679212243424793
89,84,37,5.2,2,0,1.2949760853119585
165,88,32,2.2,1,9,13.289020534279228
253,82,0,8.7,3,2,4.764225415340118
139,100,19,9.6,1,2,4.543518000708803
219,87,22,12.3,2,9,13.80148482002272
149,83,17,5.0,3,8,11.81752031618987
273,84,20,4.2,1,7,11.716793913871177
266,84,25,3.5,3,7,11.876873681279836
246,93,0,10.3,3,10,14.883865726137964
97,72,28,11.1,2,6,8.30103535019337
277,99,0,13.4,1,3,8.00321607572053
205,84,25,8.8,1,2,4.530128547226489
239,95,9,9.1,1,4,7.76301204877242
134,99,0,2.6,3,8,11.687594147305747
99,74,34,13.4,3,3,6.152582278319481
121,94,14,8.6,3,4,6.429388165031878
78,89,15,1.7,2,5,6.840429135705059
159,82,36,5.5,2,4,7.658146404607219
124,100,20,1.8,3,7,10.990869836755913
154,86,17,14.0,3,8,11.64246368921979
60,77,32,2.1,1,4,5.756196887963753
272,74,17,7.8,1,9,15.073940294415305
98,77,36,11.2,3,0,1.8067970202154147
253,83,0,3.4,3,2,4.917990753482112
238,77,18,13.2,1,3,7.1164571288832095
216,75,40,11.7,1,3,7.374885656229811
182,79,16,1.7,1,7,11.05091127154264
195,74,7,10.8,2,10,15.46795166064555
95,95,0,5.2,3,9,11.819440562587154
82,84,0,9.2,2,7,11.07954265647508
170,77,15,1.5,1,7,10.582009430680674
196,91,0,1.6,1,5,8.472957224477929
223,91,4,13.0,3,2,4.655434351809257
260,90,29,5.0,3,3,7.54491862531429
189,76,37,13.8,3,10,14.142290496126556
211,94,9,0.5,1,0,2.602514958581292
213,97,0,7.7,1,3,7.723325813199418
145,97,10,8.9,1,6,10.066518980322014
121,99,0,0.5,2,7,9.486298806942386
174,84,31,7.2,2,5,8.351733955027962
67,98,0,11.3,2,9,12.113483286850943
284,92,35,10.7,1,7,12.574169365354951
131,91,40,2.7,1,7,10.308170634254267
137,93,19,6.0,1,5,7.769716674274585
235,87,0,1.3,3,4,7.206777080632466
61,70,23,5.0,3,1,2.247001167506765
79,74,33,5.4,1,2,4.3075780117530345
187,86,20,4.0,2,8,11.970239415116025
294,83,32,2.6,3,4,8.82792262754884
225,71,28,7.5,3,4,8.735266722582939
112,76,20,6.3,2,9,11.679273764587013
113,80,0,1.4,3,9,13.030541027462062
246,76,37,5.9,2,5,8.940821109909393
95,84,0,8.9,3,0,2.8883756024677307
285,78,12,1.1,1,0,4.81251367681539
101,94,0,12.3,1,2,4.389238314441931
78,74,0,13.8,1,0,1.3727832854499769
106,81,27,11.4,3,4,6.939068256033568
267,75,21,7.3,3,10,16.02424236731927
73,84,12,2.9,2,10,13.33188908973834
281,89,21,7.8,3,0,3.1412988408566713
167,97,6,10.4,2,6,10.370419872607817
179,86,25,4.8,2,0,2.721858466267963
185,71,0,13.1,2,10,14.699475327971046
219,72,0,0.1,1,0,2.800071211250012
244,85,13,1.4,3,6,11.415531381038894
236,72,33,12.8,2,4,8.035990889639942
108,94,15,14.3,1,4,6.477138473426692
243,100,14,13.6,2,8,12.886450216298337
131,89,13,0.7,1,9,13.062615080019095
113,84,0,7.8,2,0,1.6316336991450484
237,87,27,13.5,3,5,9.954137393167862
148,78,40,1.4,1,7,10.320272321424474
196,72,15,0.5,3,7,11.249244015198112
285,93,0,0.1,3,4,8.647796082235025
96,97,0,13.4,1,0,2.0737473842086276
126,93,30,13.0,1,5,8.520828356998184
151,70,0,2.4,1,10,14.420569251267608
247,76,34,12.4,2,10,15.496480631748492
141,73,16,7.6,3,1,3.7538763479380246
172,78,34,5.7,1,2,4.711197381834054
258,79,37,5.1,3,4,8.086783192724734
278,86,20,8.7,1,5,9.50326739948541
109,83,32,6.7,3,2,3.3191233320448044
88,80,18,12.3,3,9,12.665816372262686
158,82,18,11.9,1,10,14.904259928046757
86,72,31,11.0,3,4,5.689703442872904
244,74,4,4.8,2,1,3.920896954571444
74,81,11,2.4,1,0,2.1765930691831743
258,72,27,13.8,3,3,7.065132152856386
265,76,0,10.3,1,5,9.3047219254991
273,91,5,12.0,3,0,3.458846840375461
154,75,0,10.4,1,5,8.4256651627267
238,93,0,1.5,2,5,10.028365817550242
261,77,0,4.9,2,0,3.421411308739701
220,82,0,6.0,2,5,9.965509930091427
202,71,0,10.1,3,2,5.361950655480959
132,76,15,13.1,2,3,6.164776357659667
66,80,7,9.0,2,9,11.780149544263185
247,79,21,0.9,3,8,12.821493012569505
114,83,11,13.1,1,6,9.282995554979767
118,72,0,6.0,1,5,8.422189717749001
218,95,23,9.4,2,3,8.195767047566694
238,78,37,7.3,2,1,4.776558594649031
174,95,15,5.8,2,7,10.685230278154247
85,77,33,2.7,2,1,2.8535667304696393
296,78,0,13.1,3,7,13.259179361392846
290,75,28,14.5,2,2,5.635992595472881
227,81,0,14.5,3,10,15.073123406102416
139,79,15,12.4,1,4,7.246128771920165
60,94,0,2.5,1,10,13.623539504992516
224,86,31,13.0,2,10,14.949892943493508
189,78,23,0.8,1,6,9.59306490199494
118,74,0,8.8,2,3,5.934830504017907
282,93,26,10.0,3,3,6.920766044897075
178,77,4,11.0,1,5,8.481325466284993
93,70,29,5.6,2,1,3.1192340647645556
106,77,30,14.0,2,3,4.798336412577833
267,83,8,8.7,2,1,4.782930826703503
235,82,16,4.3,3,3,7.453261719379995
191,75,37,11.4,1,6,10.57321159752102
147,99,28,4.9,1,9,13.812252531612485
119,98,35,5.6,2,9,12.094089972370117
265,79,12,5.7,2,7,10.74196380922988
176,98,15,2.2,1,3,6.845469742588591
129,83,24,2.9,3,4,6.678657155999518
262,88,0,14.0,2,2,5.9398234032123085
299,90,0,4.6,3,2,5.973869292900373
217,87,16,6.2,1,10,14.761505575097923
250,93,39,6.4,2,6,10.385851871538435
232,79,0,0.0,2,5,10.479690833368904
85,78,27,6.2,1,9,12.15400505491395
213,96,27,12.3,3,9,14.078339104265039
261,70,8,2.5,3,1,5.979026091114912
209,85,38,9.1,3,9,14.10545547818482
244,99,0,4.1,3,4,7.8377603270383585
184,76,14,14.9,2,2,4.222125499699556
91,76,39,1.3,1,3,4.8708262096923445
182,75,7,6.6,2,4,7.521417106122697
67,75,6,8.0,1,9,12.69550116290331
274,81,20,14.9,3,3,7.344883526063411
95,74,0,10.4,1,6,8.350853799441984
180,92,20,4.5,3,6,9.25384361766371
64,89,4,12.6,1,3,4.4720770463521005
290,70,15,11.7,2,3,6.948036164215532
125,78,0,14.1,1,0,1.5342839836637174
210,95,9,13.8,3,5,7.953034581865982
71,84,21,9.4,2,7,10.615439585402344
126,85,0,12.3,3,4,7.126135744752939
253,94,36,13.8,2,0,4.146770441175323
184,89,9,2.2,1,1,4.100545501822417
155,97,17,13.1,1,5,7.480116900747758
90,88,37,6.9,2,10,13.872958912896907
266,78,12,2.1,1,2,6.277598262600721
156,73,20,3.5,1,3,6.395269003964222
237,100,38,5.5,2,6,10.904321754863021
242,71,0,6.3,2,4,7.850211109207092
226,74,0,0.2,2,4,7.875493215346113
300,97,24,12.7,3,4,8.203470022544883
111,85,38,5.6,1,5,8.04229787416055
172,78,0,9.9,1,0,2.6692550649311984
247,77,14,7.4,3,5,10.032537311366065
247,92,22,1.6,1,6,10.467175235921541
146,80,27,1.6,1,4,5.786382205059316
218,83,18,14.1,3,2,6.036185410664832
123,79,0,1.2,1,7,10.63856555039181
253,84,0,1.8,2,3,7.372510385243991
181,92,0,14.5,1,3,6.9394760117072245
154,85,37,1.9,3,0,1.77426206965615
183,95,25,4.1,1,2,5.188703348904551
286,95,15,13.8,2,4,8.512321103574893
195,83,10,2.7,3,5,8.360768615516136
151,98,5,2.0,3,3,5.597358325791788
210,93,25,8.1,1,0,2.000411806042266
78,92,28,11.4,3,7,9.684765980504045
188,81,4,4.2,3,9,12.8465654615365
208,83,30,10.3,1,8,12.459658083330208
149,95,0,11.2,2,8,11.777859259029443
134,85,0,4.6,3,4,6.719537823608239
191,89,38,2.1,2,4,7.320236331968262
76,92,32,9.6,1,9,13.117324465284863
83,71,22,4.0,3,0,0.972161913395908
211,82,34,12.4,3,3,6.7422390518401
284,87,31,11.0,3,8,13.508257251439565
204,75,30,10.3,3,10,15.031890154745252
197,87,0,10.5,2,5,8.868776456788934
168,88,38,6.4,3,4,7.07558488520373
108,90,8,10.6,2,3,5.409952771951204
159,75,0,3.4,1,3,6.131741452974333
217,93,0,4.2,3,2,5.874831764697461
197,85,34,6.7,1,5,8.787649686159114
243,80,0,13.6,1,4,6.922879869863529
66,75,21,11.0,3,3,5.449895622644652
179,83,24,3.8,3,6,9.935112299416646
206,88,15,5.2,1,0,2.689954774892156
293,94,36,7.9,1,1,5.624367265685263
226,91,37,1.2,2,1,3.703496413853814
61,91,5,1.5,3,6,8.056286614892077
227,75,13,14.7,3,0,2.8253512437710655
79,95,25,0.3,1,5,7.172917337464097
184,78,31,11.6,3,1,3.8161449539316687
259,81,38,1.6,3,8,12.714989342772208
256,88,0,2.8,1,3,6.614975141981698
196,84,0,13.5,2,9,14.596585612493794
189,76,6,13.5,3,7,12.376833947650765
67,74,40,6.6,2,5,6.851996524817011
188,100,24,10.9,2,3,5.862373144325422
128,94,0,0.4,2,9,12.890525484122001
248,97,9,10.7,1,10,15.531687855285826
260,90,0,12.3,2,9,14.104814165402134
277,99,38,2.1,1,2,6.939354511401387
244,92,25,11.1,3,10,14.894815736301602
75,71,31,10.2,2,8,11.408923471515648
106,75,24,0.5,1,4,6.793620591496124
263,86,38,0.9,3,1,5.197961945833254
278,92,0,5.8,2,5,9.457184806941301
249,72,17,7.2,1,8,12.802187504393967
161,92,0,10.6,2,2,5.0487679445740055
87,89,17,10.9,3,6,9.814763315580667
201,93,39,1.4,2,8,12.435290197056133
148,83,38,3.4,2,8,12.040823147903414
169,91,19,3.6,1,2,5.297842345113902
272,100,23,3.3,1,4,8.960932148224547
275,70,0,10.4,2,8,12.81501384101355
209,77,23,11.8,3,3,6.13258849446657
63,91,6,9.8,2,7,10.37453948670288
60,77,9,13.4,2,0,1.253089383911106
86,77,0,7.0,1,0,1.222026591919005
235,82,16,8.1,1,0,3.0870621281417345
144,90,12,12.3,1,8,11.84606836066799
118,76,16,10.1,2,2,4.655719765925403
104,70,22,6.2,1,4,6.934079685568762
220,82,31,12.3,1,10,14.878169087083148
127,99,39,5.5,3,7,10.316038183120515
181,88,5,10.0,1,9,13.999754219286626
69,83,12,9.2,3,3,5.570739403698897
152,75,33,2.1,1,8,11.024784640840208
124,92,29,13.7,2,0,1.8593477407617016
211,94,0,5.8,3,1,3.7923512606536316
132,90,33,6.7,2,2,5.535412579936375
100,100,0,13.3,2,10,14.459489913109532
220,93,31,6.5,1,7,11.58049330798232
205,97,0,5.8,3,10,15.446817847658048
128,77,15,8.4,3,3,5.035959479670888
213,96,0,13.9,3,9,12.981320171498709
184,84,40,12.5,1,9,13.209279843924811
193,73,12,14.8,1,10,14.698015594664552
168,85,8,2.3,1,1,3.40187895649542
146,88,37,3.9,3,9,12.919261424040938
295,90,7,5.2,3,7,12.080715759575089
76,72,25,8.5,2,2,3.5627094268231745
87,74,39,13.6,3,10,13.641869830747288
232,84,24,11.2,3,4,7.6739239593215585
105,95,20,14.2,2,3,5.452636693706781
287,75,27,6.6,3,10,15.737419942705186
268,88,30,6.1,3,3,7.1733410209484685
132,77,20,9.6,1,7,10.736778361140432
297,98,19,11.4,2,5,10.4409801817549
101,99,15,12.1,3,7,10.801800102433111
222,88,0,14.9,3,6,10.228135831866412
96,70,0,0.1,1,8,11.512251608059653
253,100,0,7.3,2,3,6.714077529179475
158,77,0,12.1,1,1,3.738639922198014
204,92,19,7.2,2,1,4.57065706399939
218,97,6,12.1,2,7,11.858070754299208
280,76,4,8.2,2,4,9.307285940961068
90,86,35,6.7,2,3,4.82554305936375
219,87,0,10.7,1,7,11.716885554916447
63,82,11,4.1,3,1,2.602619343534974
134,78,18,1.5,1,9,13.2167420479902
273,75,27,12.6,1,5,10.097549132333816
216,97,0,5.4,3,8,12.38188956322767
159,87,16,6.3,2,7,10.722226196609496
220,97,13,2.1,1,4,7.782413351199232
83,81,0,10.1,1,8,11.16998480511787
199,74,0,5.4,3,8,11.923550638555406
265,72,10,11.5,2,4,8.555039048967826
75,78,14,11.0,2,0,1.6990686349537667
296,71,11,9.8,2,2,6.8909213011675625
208,97,4,13.4,3,2,5.827709274961871
113,79,13,0.2,1,5,7.704033375663324
212,72,20,13.6,1,10,15.679271592780596
178,97,0,3.3,2,10,14.19509225509481
234,99,40,4.0,1,8,12.880928147630993
116,99,19,4.5,1,6,9.231229820797164
219,80,26,11.7,1,5,9.211034798897483
285,97,26,10.1,2,7,12.23544324414798
202,97,20,3.4,3,9,13.088095976398556
264,90,7,5.8,3,10,16.20159171860718
116,84,0,10.3,2,0,1.8509210223807682
164,80,0,6.2,2,10,14.063858113601533
181,90,9,4.1,2,1,3.157879474721166
282,99,9,6.7,1,10,15.370655238148053
134,82,34,3.6,2,8,11.687314056324107
198,74,22,2.6,2,5,9.077570717727658
184,71,19,14.7,3,7,11.00422175741549
155,73,0,9.6,3,0,2.424411308204351
145,98,12,12.5,1,9,12.746691589086398
114,77,25,6.4,1,2,5.977938894800049
130,86,23,11.3,3,2,4.466926713920747
265,86,32,8.5,3,1,4.186080702026277
117,95,26,7.6,3,8,11.57195193410074
296,78,8,10.8,3,4,9.561939620817645
206,82,10,12.7,1,4,8.034331116864985
143,84,32,3.8,3,6,9.414423088151576
278,73,0,13.2,1,2,5.816854337704428
63,72,26,0.7,3,4,6.511512073572618
228,94,9,0.8,2,7,11.194243298051836
120,89,0,0.0,3,3,6.108686784875815
256,82,33,4.9,1,10,15.178364139643918
299,96,39,14.8,2,4,8.20249840429969
75,96,13,0.3,2,8,11.362639698147712
273,94,28,1.9,1,5,10.041530590463301
110,73,27,2.4,3,6,9.391369755030256
210,95,20,0.5,1,8,11.900441677849466
111,90,15,10.1,1,6,8.05477847243758
277,84,35,11.0,2,0,3.7015221709708603
191,93,22,10.6,1,0,1.561914433071209
256,96,16,14.4,2,2,5.980248676909747
154,73,5,13.1,3,8,11.571970819794794
243,92,19,14.7,3,1,4.2036075992541315
284,86,0,5.9,1,10,16.15148836333212
64,94,8,1.0,3,0,0.9787659351405177
78,91,5,3.1,3,3,4.730502636059001
274,88,32,1.5,1,7,11.843128858904915
116,77,0,7.8,1,1,3.810132320659722
277,89,30,7.8,3,10,15.926963619766283
94,85,27,9.9,2,9,12.035797889998038
216,84,30,6.5,3,3,6.677310754599994
112,71,9,3.8,2,8,11.816055488544096
292,96,0,9.0,1,3,7.782404804286427
182,93,37,5.6,1,0,2.6452232146902777
108,78,4,3.3,1,9,12.144300266366272
225,86,30,6.5,3,3,6.883270163304315
215,84,0,6.5,1,10,15.016237105389253
76,80,23,3.1,3,0,0.9001089865560066
121,95,19,1.2,3,9,12.576356376902698
223,96,0,11.8,3,9,13.063212429682038
150,83,0,11.6,1,8,12.148826323176625
98,86,36,13.4,1,1,2.7279001464109487
248,95,0,10.6,2,7,12.789591009917393
96,84,0,12.4,2,10,12.974244449452097
273,76,0,7.4,3,0,3.4384385888001137
180,70,24,2.4,1,0,2.8713521989883617
258,72,23,6.7,1,0,2.967424736721101
115,79,24,11.1,2,3,5.497007869494579
105,92,39,9.5,1,9,12.074676440886162
172,90,9,8.3,3,6,9.890407499403818
229,92,26,6.9,2,8,11.61085146331671
219,83,26,6.4,3,7,11.504231408537102
167,87,0,8.1,2,0,3.2344544165931595
265,95,39,1.8,2,10,14.902857916289548
202,99,11,14.8,1,0,3.5275170481376628
133,77,4,3.1,2,2,5.569816477090787
152,85,32,6.6,2,0,2.0369076221585116
108,72,0,7.6,1,0,1.7371498844516104
266,98,35,10.7,1,5,9.743651535578401
124,98,19,3.1,3,5,7.827210245674653
142,88,18,7.0,1,8,11.618815570206232
244,77,31,8.2,1,1,5.146706144880096
138,89,32,6.7,3,5,8.462267399551255
242,99,14,9.9,3,10,15.878392136666493
108,78,0,12.1,1,7,9.792913100610752
195,78,40,7.8,2,6,10.538148279662073
158,74,0,10.7,3,6,8.927598959036228
193,98,0,3.9,3,2,5.8861783654370505
293,74,15,7.1,1,10,15.49451636902379
118,94,0,3.2,2,9,11.990479366516963
140,95,15,6.7,3,1,3.292497817907341
121,75,6,14.1,2,0,2.5603773773115184
208,95,0,9.8,3,5,8.84841315124898
178,75,40,11.2,1,7,11.151491690316513
179,83,9,6.4,2,10,15.45164658658163
258,77,21,12.7,3,0,3.156353309682019
235,96,34,12.0,1,9,14.0350801724055
154,84,16,2.0,3,10,14.148707456158224
217,100,0,4.7,2,5,8.515799376768411
242,84,38,14.1,1,4,7.297149825481428
127,98,22,6.6,2,10,14.807439801262788
146,93,37,5.1,1,10,12.94476176228521
109,73,23,14.1,2,10,14.240777665494532
179,92,8,0.8,3,8,11.532491958099941
142,70,7,6.2,2,5,7.496254779727188
233,83,0,10.3,1,6,10.32875845450162
99,91,6,9.6,2,1,2.0276358617950008
95,91,11,1.4,3,5,7.4184098688773785
277,99,23,13.2,2,10,15.946061986636028
298,93,0,11.1,3,8,13.703249285685656
178,94,34,11.6,2,3,5.7666058066185615
71,86,33,4.6,2,10,13.130425523282002
117,71,27,1.5,3,4,6.831839529972698
99,77,26,12.0,2,7,9.83064171566745
223,98,39,3.2,2,3,6.495167755594949
186,93,0,1.2,2,6,10.295534607010307
249,74,13,7.6,2,7,11.091810538859296
249,92,0,6.9,3,9,13.612069726434896
200,94,15,11.7,3,9,13.83023198244146
226,82,12,14.1,2,10,13.86491757518893
260,100,22,9.9,1,2,5.781128460164426
98,73,35,1.9,1,0,1.6647994559405397
136,94,17,9.7,3,7,11.225133879725803
289,100,31,2.5,3,2,6.492659669864182
209,98,11,5.6,2,2,5.957452303656549
152,100,28,0.4,3,4,6.893009377300237
209,73,0,13.1,2,0,3.6153429045190943
241,73,18,3.0,2,7,11.243413479271869
277,84,40,7.0,1,6,9.557914245304048
204,99,35,5.6,2,1,3.7803167530798407
227,88,12,7.0,3,4,6.906276863584038
241,84,0,0.4,2,8,12.697494046813734
296,83,11,4.2,2,0,3.326483268384223
174,80,34,11.6,2,4,7.701429739788616
193,91,0,0.3,3,5,8.628291335617229
174,80,0,5.0,2,7,10.87188547843902
76,75,31,12.7,3,4,6.352337490056337
277,86,0,14.5,2,0,4.169690062931563
297,88,38,2.1,3,0,4.129380150171422
275,85,30,1.4,3,7,11.78613986893432
93,72,0,7.1,2,8,11.597374503286147
69,88,8,1.7,3,0,0.8305417395875814
221,92,23,11.4,3,6,10.206099125683435
125,99,24,6.4,1,3,5.734585817511772
284,89,0,7.4,2,3,7.80121694203492
275,94,9,13.5,3,6,11.180073022668378
279,72,26,10.5,2,9,14.788358117002591
64,95,40,1.8,1,5,8.004863694293453
247,88,31,3.3,3,9,14.520486510908338
251,98,0,6.4,2,8,12.741059845266392
90,89,0,7.9,2,7,9.964982720048624
250,79,24,11.2,2,5,9.487088149945373
249,84,0,8.4,1,0,3.184701765766903
232,75,17,5.7,1,5,9.58193472438432
218,90,0,0.3,1,5,8.97232952681857
221,95,29,6.1,2,10,15.158622008141153
76,94,16,3.4,3,2,4.302600657934082
207,73,27,9.2,1,6,9.88239156669096
91,73,17,4.2,3,3,4.933134563644492
203,99,0,3.3,1,1,3.3110981787429496
83,84,12,4.7,2,7,9.843191846152084
162,79,19,6.0,2,5,9.38492753666878
280,76,26,12.5,2,7,12.05060200739244
63,98,35,6.5,3,7,8.77401351793364
261,89,0,13.3,3,2,6.214066482284232
155,73,20,10.9,1,5,8.189029948705185
252,89,14,6.8,2,2,4.671122583282424
292,78,0,9.3,3,4,8.931968373097936
89,94,0,2.6,3,8,11.465386131261639
297,95,28,9.9,2,9,14.578168960867913
123,71,21,0.8,3,0,1.5893127512930318
298,85,16,8.5,2,1,5.205553848673423
138,100,15,6.2,3,0,1.760004103214085
95,90,0,1.3,2,4,4.954839223672512
254,84,22,3.2,1,4,7.960081639225463
207,94,0,5.4,2,1,4.898898065598236
200,80,32,5.2,3,3,6.8645500381110125
138,94,0,8.2,2,1,3.374276961695032
134,74,0,0.5,2,9,12.986281746789786
127,88,0,5.3,3,8,12.714523011914514
154,90,13,6.4,1,6,9.589254435081623
188,80,7,9.0,3,1,3.7953299165974883
262,97,0,9.8,1,9,14.58679459842173
63,81,0,4.3,2,10,12.731865322837256
155,98,36,9.4,1,5,8.450208845164084
271,87,0,11.0,2,9,13.664502420025936
132,81,0,9.3,1,1,3.2089453350399078
125,70,39,2.6,3,1,3.2678886333505384
88,84,31,2.5,3,7,10.285066065661418
160,87,0,12.0,2,5,8.58732024251629
223,91,19,14.9,1,0,3.288550880713414
97,72,0,11.3,3,4,7.025033976755332
265,76,0,10.9,1,6,9.80666643895723
91,84,0,12.5,3,1,3.1029847084510194
146,77,0,4.5,3,0,1.6272486435733238
249,92,16,14.4,3,4,7.774148464871871
212,100,8,5.8,1,7,11.231889973073521
146,80,27,6.1,2,9,12.021979543329113
240,84,5,10.1,2,7,11.303850803897946
190,97,0,8.7,1,3,6.582669766077638
78,75,0,11.7,1,8,10.780225529419122
240,82,22,3.4,2,9,14.073047575497128
102,82,23,9.8,3,2,4.68024543898648
265,80,30,14.0,2,10,15.254704493301869
175,75,31,13.5,3,3,5.740589370911843
70,76,28,10.5,2,10,13.340116949511772
112,93,16,11.5,2,5,8.418521837001313
134,86,14,5.6,1,6,8.936233190895493
294,84,28,0.9,3,0,3.304651968505887
89,97,19,1.7,1,7,10.69500558440307
225,92,10,9.7,2,0,3.086278269637003
194,85,30,5.1,1,4,7.462132339017661
191,80,7,8.3,2,1,4.03462034864944
211,88,0,7.9,3,10,14.416102148065258
215,97,38,2.3,3,3,6.852580669559954
233,95,7,3.0,2,10,14.522360212981756
258,98,0,13.1,3,9,14.589788530755232
259,93,40,6.3,2,4,8.521014258477784
153,96,24,0.2,1,0,1.3193115696034805
61,89,0,1.7,2,2,3.522956447562418
225,74,34,12.3,3,1,4.338063736467895
275,91,0,14.0,2,8,13.1567178713119
203,100,31,6.2,3,6,9.863775026505706
209,74,35,12.6,3,6,10.854769548966873
182,84,0,11.1,1,2,4.959505992574238
136,98,11,4.1,2,3,5.570924173666559
254,82,19,8.5,1,4,9.315169884864194
60,79,11,4.4,1,1,2.3543002212454427
213,83,39,5.4,3,5,9.144580145045994
77,99,17,4.3,3,8,10.918865465668942
219,84,35,0.4,1,3,6.710194819553848
267,93,33,7.4,1,8,13.28406585320136
141,71,15,1.1,2,8,12.240097378244922
290,90,17,12.5,1,0,4.044820585142167
210,93,21,12.2,3,0,3.167385032278445
185,86,38,2.1,3,7,9.953311938688243
146,97,19,9.5,3,7,11.28738257421524
230,80,33,14.1,2,6,10.754989398104792
162,92,21,1.0,3,7,10.698256378500746
235,89,30,10.4,1,8,13.170140222828804
171,82,26,4.8,2,4,7.376605127513677
253,94,9,13.6,1,5,9.316064070036303
125,77,0,8.6,1,7,9.91360895871356
94,99,28,0.3,2,10,12.742574132008372
280,88,28,11.2,3,8,12.73163612231065
221,85,0,3.7,2,8,13.740719034841813
181,75,34,2.6,2,8,11.863819228068134
184,78,7,9.7,1,8,11.731833552526945
202,72,8,6.9,3,1,4.087280470901753
63,79,34,2.0,3,8,10.638598901740405
96,79,12,11.4,2,5,6.945211894224234
99,76,0,5.8,2,2,3.8325528267255766
242,86,0,14.5,2,6,11.217914857268632
254,95,0,3.1,1,2,6.274060547960036
187,93,18,11.3,3,2,4.912105527031648
161,73,22,11.8,3,5,8.232329060576822
279,85,20,4.5,1,6,11.159026423418377
212,75,26,12.8,2,8,12.649844630196275
134,95,0,4.6,3,10,13.998883741274238
243,76,11,13.1,2,10,14.954913472442389
255,72,10,10.8,3,5,9.744572058975075
220,87,40,7.7,3,0,3.7043620356661737
283,72,38,12.6,3,0,3.4111890707336943
141,87,18,1.1,3,1,2.6522858659427544
190,99,37,11.6,1,3,6.528700097425892
249,84,32,7.8,2,6,10.612613510308725
212,75,0,6.0,2,0,3.511527103137766
153,98,25,2.9,2,9,12.663751254316649
139,95,0,14.0,3,1,2.9018565300391432
276,74,0,0.0,3,8,12.921530369771489
229,94,0,8.3,2,5,8.81432632817145
225,96,0,10.9,1,0,2.6071888262623357
184,87,0,11.2,1,9,13.393422725076391
77,91,40,10.3,1,9,12.35406711496386
241,88,0,8.0,3,6,10.67270782205016
99,75,0,8.1,2,0,1.1673169863608748
234,81,9,5.1,3,5,9.28779899853186
258,88,38,5.4,1,5,9.641964076752442
252,100,21,4.5,1,5,8.97970855299706
169,93,0,9.5,3,8,12.31416731242828
280,75,0,14.3,3,4,8.465207935161445
120,91,0,7.7,1,3,5.180384719359934
138,71,7,11.3,3,2,4.042926143446078
140,74,25,11.1,1,5,8.0115701387407
270,87,0,2.8,3,9,14.110347615317131
86,95,39,2.7,3,8,11.120196029214398
181,70,19,11.6,2,2,4.423579998389276
93,70,26,11.2,2,1,3.729997448660258
65,76,29,8.9,1,0,1.4885535871232014
298,79,15,9.0,1,10,15.532435065487261
246,87,39,7.8,1,8,12.415023581481874
133,94,27,2.2,1,0,2.3345251564431013
155,94,0,12.2,1,0,2.6396962465929668
208,87,27,1.2,1,1,3.6628844902354376
104,87,0,13.4,1,3,5.788341247668155
68,82,0,7.0,1,6,8.6441833377842
276,95,31,9.4,1,2,6.469160407878101
76,81,6,6.5,3,9,12.783489099453279
176,91,39,12.1,1,5,8.275273959952942
69,91,11,11.2,2,3,5.197952100582324
102,95,0,4.4,2,8,10.540492019770799
239,73,14,9.2,2,0,3.3182172520199744
72,83,0,6.7,2,4,6.516341157643028
107,97,23,10.9,3,6,9.392085317040362
159,83,37,14.1,2,5,7.690710171138007
77,81,33,4.9,3,2,4.225044059079391
166,74,8,2.7,3,9,13.648263718013109
68,84,0,4.3,2,4,6.43392615839539
225,77,38,4.6,3,9,13.94965416576011
297,71,0,10.9,1,2,6.520554995571598
71,76,16,10.6,1,5,7.420615509606022
78,71,0,10.8,2,7,9.733255984015516
244,100,0,6.1,2,10,15.55424365884102
272,89,0,11.6,2,5,10.050064059162496
295,87,0,13.4,3,6,11.64611769436193
97,91,25,5.0,3,9,12.500815725066621
97,93,11,5.1,2,4,6.260378130625891
92,96,31,1.6,2,10,13.932230080895241
229,79,14,11.9,1,3,5.819297226949297
90,76,24,3.8,3,0,2.341688940764766
238,87,21,5.0,1,4,8.185374954510023
198,71,39,7.7,1,7,11.809821016391975
269,74,0,3.0,3,5,9.16326545689158
77,94,29,8.2,1,2,4.2645507688106665
182,95,15,13.6,2,4,7.054304791502637
288,76,27,5.2,3,7,12.647062450339106
74,74,14,13.5,1,8,10.765260288364672
165,93,31,10.1,3,3,5.943386785884546
70,81,40,14.9,1,0,1.1716479468634804
248,100,19,12.1,2,8,11.715174399597664
241,97,8,14.7,2,6,10.595185167029845
137,80,7,9.4,3,7,10.833269060712663
110,79,0,3.5,3,4,5.867209005723387
69,81,34,9.6,1,6,9.111079344275165
254,78,21,11.1,2,8,13.636348405404366
63,98,18,4.4,1,1,1.7992896114374317
277,86,30,13.0,2,9,15.08391415938798
191,86,0,8.8,3,1,3.9475851561507374
170,77,37,12.9,1,9,13.952346034647757
202,96,33,5.8,3,5,9.252181596645617
183,86,0,0.5,3,9,13.546545612529945
266,92,40,6.0,1,1,5.024693470929655
104,87,0,7.7,3,6,9.484147765498077
114,79,16,0.8,2,9,12.244227456524255
187,88,4,10.8,3,4,7.424797380074347
204,74,0,2.8,1,7,11.07168734719227
287,87,0,11.4,1,10,14.994273636029268
69,100,4,11.8,3,4,6.591387198312508
64,93,9,14.3,3,0,0.8497734046571818
126,94,23,4.7,1,1,3.09015740625585
264,86,20,9.4,3,2,6.335001629518527
101,79,12,0.2,3,1,3.8066570516143106
76,74,10,8.0,1,3,6.242436465101738
260,73,17,4.4,2,8,12.711935032212402
89,93,26,5.8,3,8,11.095923496003461
222,91,15,10.6,1,0,2.6813581249834613
182,96,0,2.7,2,1,4.309378742711564
236,98,0,6.8,3,1,4.074769909925308
97,96,12,3.7,3,2,4.41142411040972
271,94,5,7.9,2,6,10.709033640484115
114,73,28,5.3,1,9,12.126704791795113
161,97,21,11.7,3,9,12.954703537891913
100,100,37,1.0,2,9,12.106532807461397
74,83,40,6.9,3,2,4.366637410765291
179,71,0,4.3,1,3,5.976534042469244
261,78,0,5.5,2,3,7.032808945054331
127,94,38,4.0,1,7,10.493378487790062
200,96,39,4.7,3,0,1.9727454206884714
230,96,6,4.4,2,7,12.153490040834638
261,70,19,8.5,3,2,6.0102578065020476
185,76,0,8.2,2,2,4.075368836259845
100,100,37,3.9,1,6,8.662827860879421
129,98,9,4.5,2,3,5.758701784859844
152,77,36,6.9,3,4,7.1216713939034495
176,74,34,4.4,3,9,13.212830676318298
161,72,5,7.9,1,10,14.311822393013289
290,82,30,4.7,1,10,15.738719494256475
106,90,0,5.8,2,4,6.794108464704852
154,88,32,12.9,2,2,4.009888470700603
123,98,36,15.0,3,10,13.703521948695764
161,83,0,1.4,3,1,3.598006254561486
94,100,0,11.5,3,5,6.9148955810729555
189,87,0,8.9,2,4,7.447152896945731
289,98,15,6.0,1,0,4.191546387557788
190,79,29,10.2,1,9,13.021021475846505
131,74,0,9.8,1,4,7.04289976409448
72,93,24,13.0,3,5,8.728142058076529
161,83,11,3.6,1,6,9.472082650987751
152,85,33,11.3,1,5,8.025850593149297
177,74,0,8.8,1,5,8.612867916933281
73,90,12,4.3,3,7,9.720489345682276
108,80,11,11.1,1,9,12.269991833673156
86,95,0,10.1,1,10,13.55705552050378
239,94,0,12.2,1,9,14.73582612574181
141,92,25,11.2,3,7,10.994308919799323
268,96,33,3.1,3,6,10.559739201970649
295,82,4,0.2,2,2,6.67413117661958
241,84,0,10.3,3,0,2.9090807907952283
102,74,13,0.0,2,6,8.810663247260372
263,76,36,1.6,3,1,4.74373087524665
223,97,38,4.6,2,3,7.3809581014755805
187,88,0,9.7,1,4,7.054371449343772
239,90,0,1.9,2,5,8.930008378423356
103,76,0,1.5,2,4,6.713106090043332
132,100,40,2.8,2,10,13.507969745100898
245,84,5,1.6,3,10,15.24890020746552
199,98,15,4.7,1,9,13.687759901424108
196,86,0,1.0,1,8,11.719140618953219
229,98,7,9.4,1,0,2.9028437877767588
73,72,21,13.7,2,8,11.817092439601653
111,74,0,11.6,1,5,7.831808254814349
126,99,0,11.7,2,8,11.365157905390987
189,99,7,6.2,1,6,9.7356578379507
100,81,0,8.7,2,1,2.7826329280595163
165,81,28,11.3,2,6,9.73739345136608
126,82,0,9.5,1,5,8.180890037125435
101,81,5,3.7,2,9,12.668917187078632
239,83,33,3.2,3,7,11.995397973058553
78,74,11,10.3,3,7,9.323503001657395
142,87,0,6.3,1,0,2.9903578381359743
170,85,29,2.7,1,9,13.831368287072031
85,74,0,13.0,1,10,13.152051340070189
176,99,16,14.9,2,0,2.3538728187250095
193,83,27,8.9,1,7,10.792221459081855
249,98,0,12.5,2,5,9.77772251989236
201,91,10,2.2,1,4,8.385980384218268
68,84,28,13.9,3,9,12.372646599710588
293,93,22,1.6,3,8,13.758463584036296
198,94,8,14.6,3,1,4.020846027763142
96,82,27,5.8,3,6,9.04344678882394
299,91,0,3.1,1,10,15.588336785985815
219,88,26,15.0,3,2,5.601446284577357
137,94,0,1.8,2,9,13.023886632834092
208,94,0,12.7,3,5,8.650938012489126
87,82,6,12.4,2,7,10.162362590227
128,78,8,0.7,1,1,4.387519329768553
153,83,0,14.4,3,10,14.646413447492757
162,74,8,14.3,1,3,5.595057845416539
84,71,29,7.3,1,2,3.356939457468748
72,88,28,1.3,3,4,5.354593983430421
244,84,0,9.3,3,4,8.948836220820965
259,93,19,1.3,1,9,14.203708402010603
106,81,0,10.8,2,10,13.881578824941903
300,100,0,4.8,2,7,12.165412900268997
63,95,0,4.3,3,9,12.549706550477662
73,84,28,2.9,3,8,10.26413522420731
152,89,16,12.1,2,0,2.103768197869384
220,98,22,3.6,3,7,10.421515217240088
255,79,0,14.2,3,9,14.174632540999003
172,85,38,8.2,2,2,5.160176802734345
287,85,0,3.7,3,3,7.281685890152553
240,98,0,7.3,3,0,3.3577441415697917
104,71,29,12.3,2,5,7.9427790315142826
90,93,0,4.2,1,7,9.716285643120857
83,82,30,5.6,2,1,2.661602606040507
286,77,0,10.1,3,4,8.50667867233255
70,100,39,10.9,3,10,13.99209283201617
173,80,0,0.3,3,3,6.461128206482541
82,96,14,7.1,2,10,13.185823865518827
77,92,0,0.4,2,2,3.311962946517424
226,83,14,0.5,1,9,13.598071547840018
145,90,0,4.5,2,6,8.709096328238264
137,77,38,0.8,2,1,3.371800982526677
140,80,0,13.3,2,2,4.625605984503006
125,71,32,3.2,3,0,1.8472783523670404
147,74,0,3.0,3,10,13.737256751364402
77,81,0,14.3,3,6,8.625103648641083
293,72,31,7.3,2,1,5.447301479709871
177,82,7,5.3,1,0,2.349000310914595
162,100,40,12.0,3,7,10.541734132259014
279,100,7,1.1,1,6,10.866353288405044
167,100,23,2.4,3,7,11.68019974940507
107,88,28,10.8,1,2,3.98689013104403
86,77,0,5.8,3,4,6.267134521319524
81,72,0,6.9,2,5,7.252314999674548
295,98,5,13.9,2,0,4.230456756832628
156,84,22,7.6,1,10,13.816916543792434
91,74,0,8.0,2,1,3.2926290594107073
258,84,23,10.5,3,6,10.250238766930273
81,80,38,11.7,2,7,8.808853656913781
99,71,20,13.3,2,3,4.797130664809738
92,97,0,8.4,2,4,6.4982978464649275
174,94,23,5.4,2,7,10.49127262999845
212,86,0,10.8,2,3,5.75805473220968
290,93,0,2.8,1,7,12.43771243548903
161,80,19,13.0,1,10,13.843157607663441
251,96,0,0.2,3,6,10.48453096624293
149,77,37,14.2,3,6,9.409379458394879
204,71,32,3.9,3,7,11.92403786242619
199,74,11,9.1,2,10,15.722436473629283
168,100,8,2.6,3,8,12.45617420447184
130,75,40,12.5,2,7,11.170672803561557
297,86,30,4.9,3,9,15.630962341161197
280,87,20,9.9,2,5,10.121342923894325
149,100,15,2.8,3,8,12.187883128166087
155,94,18,7.6,2,10,14.111781458164394
241,94,0,14.2,1,9,14.397550193952249
197,93,31,9.3,1,6,9.131598584315237
251,77,17,8.9,2,1,4.6198302960914175
90,96,37,0.7,2,0,1.5495366868849234
115,76,0,10.8,3,5,8.193993710166337
118,79,21,12.8,3,10,13.431205370644241
70,75,37,11.3,1,7,10.532034143984854
99,88,22,14.6,2,3,4.638193287982046
236,86,13,10.6,3,0,2.721601649772163
175,93,10,3.3,1,6,9.716435142965246
70,78,0,12.1,1,6,8.824452127414387
147,85,37,12.0,3,1,3.507562517157009
93,76,32,11.9,3,4,6.172550455398596
136,74,14,13.9,1,9,12.824523778085446
129,80,5,9.1,2,5,7.985381763150627
212,70,9,2.2,3,0,2.8844273411016386
252,89,0,0.4,3,10,15.754384289545355
204,91,5,8.7,1,3,7.1643148110485635
264,91,28,11.2,3,3,6.551291389710486
140,90,19,0.9,1,7,11.02920850605661
156,71,13,10.0,2,0,2.0022950598856313
277,82,17,4.5,3,2,6.349498949895167
107,100,0,3.8,1,10,14.248398001210324
116,92,14,7.8,2,9,13.030050179957001
159,93,26,1.3,1,4,6.732835775605247
184,84,27,1.7,1,5,10.114495617830556
119,83,0,12.1,3,9,12.483704605864462
95,89,16,7.9,2,7,10.346572667719853
114,98,0,6.7,2,2,5.03008181943253
115,100,31,13.4,3,8,11.241209069894603
147,71,0,6.3,2,6,9.00724864906489
198,70,4,12.1,1,3,6.087591189235575
127,100,23,2.3,2,0,2.419038708182402
262,93,16,9.1,1,7,12.243845662812245
134,88,0,7.8,1,9,12.061879552434135
88,80,0,12.0,2,9,12.465163926880228
219,95,5,4.6,3,6,9.506920593417675
93,83,12,4.0,3,3,4.841609283074219
196,78,21,12.4,3,6,9.575924238354828
185,84,0,4.4,1,2,6.01198225154661
277,91,36,12.9,3,3,6.762626186188409
96,73,16,0.1,3,7,10.107587474654501
290,98,24,6.5,3,2,5.478572841792843
209,78,26,14.4,3,8,12.176240200362406
284,88,40,4.3,1,9,14.439740085777201
107,90,19,2.5,3,7,10.548236479743412
226,87,24,7.5,1,3,6.940645121541991
157,76,23,6.0,1,4,6.2281459692007575
282,92,20,7.9,1,10,15.068156631636217
120,96,20,11.1,2,7,9.678876733225387
256,75,0,0.2,1,1,4.505878010944969
113,95,12,12.1,2,1,3.3227011278955416
253,79,0,14.4,2,4,8.48328319001868
128,87,14,2.4,1,1,3.0157750506117793
127,98,17,12.8,3,6,9.233095955632834
300,75,14,11.0,1,7,11.68962515516045
115,91,34,1.2,1,3,5.012797226273166
125,71,31,4.0,1,4,6.133500109358468
118,78,35,7.3,2,4,6.321951088002428
242,73,13,0.1,2,5,10.383845134099555
228,72,23,5.8,2,0,2.431659279337959
78,77,0,9.7,3,5,7.753966486025714
68,99,15,14.7,3,3,4.544525108028805
262,89,30,8.0,2,10,15.716649262239248
127,80,0,6.0,1,9,12.467339514129382
279,95,0,14.2,1,9,13.573444895280883
185,91,12,13.0,1,3,6.161187808025567
211,99,0,10.7,3,1,4.321246755421121
62,98,19,9.6,3,4,5.583434616879393
108,88,33,14.3,3,1,2.6042689029581476
265,99,18,7.1,2,5,10.08187349966113
231,80,0,5.7,2,7,11.9626705770989
105,78,26,13.2,1,8,11.07213699853483
296,89,4,3.6,2,5,10.021115041540687
164,87,4,0.6,3,10,14.66562424057203
116,93,38,12.5,3,3,5.635473213724161
82,92,0,0.5,1,10,14.102696833829928
97,73,12,10.5,3,10,13.994203236657267
211,73,0,12.1,2,8,13.115098461296846
249,87,40,12.9,1,4,9.02519864046652
185,87,28,10.3,1,0,2.5795984014538624
128,74,22,7.3,2,1,3.13616599381673
297,70,28,14.1,2,7,11.371539344135833
131,71,0,13.9,3,0,1.9409988632778643
251,89,5,9.7,1,7,10.923669836902661
69,78,12,13.8,1,0,1.2661215335275666
288,99,9,0.1,1,6,10.338221482908136
90,76,0,3.7,1,6,8.306840254814835
126,87,24,7.8,3,8,11.705029310481489
227,81,29,7.2,2,0,2.5011996725460297
269,76,11,10.1,3,6,11.69628714889968
116,82,10,11.0,2,2,4.062144787922845
154,89,0,9.4,3,7,10.703826865684498
272,70,22,1.6,3,4,8.313588298046998
137,88,18,11.0,1,4,6.7798491955477065
269,97,12,9.2,1,7,12.22695091787966
245,93,15,5.2,1,10,14.976564700012595
232,97,21,3.2,2,0,3.128982799571505
212,100,5,5.7,1,5,9.563290038546182
148,87,6,8.1,1,4,6.952193019216806
277,76,17,13.7,3,4,8.249568576736422
90,89,27,13.5,3,7,10.146466730460709
86,80,0,1.5,3,10,13.72449748883283
72,80,29,13.4,1,8,12.052443190498227
77,80,0,6.6,2,8,10.85415239272155
190,91,28,6.5,2,6,10.72466369794828
224,75,0,7.2,3,9,13.66031598109878
60,80,0,13.6,2,10,12.886278582261749
170,95,16,11.8,3,5,8.305008469734194
273,93,40,2.9,2,3,6.180859611885873
128,95,37,2.2,2,9,12.603782459158959
119,82,36,8.6,2,10,13.925679766629964
100,99,11,14.2,1,4,6.494460136773412
252,94,6,2.4,3,1,4.188655703088964
247,83,0,13.3,2,2,5.696181089076222
268,87,0,6.6,1,10,15.33340217012035
184,91,37,6.6,1,5,8.92385086207044
279,98,0,12.2,2,9,13.963991976270968
71,83,35,12.9,1,2,2.6360869658074284
261,85,0,4.0,3,8,13.484371300859372
95,91,20,7.7,2,2,3.1955613165523022
102,85,40,9.7,3,3,5.401959549876796
140,82,31,6.8,3,4,7.244772745254353
144,98,14,2.8,3,1,2.434435569056777
185,79,0,3.9,3,3,6.669394336242803
270,82,25,14.8,3,1,4.292588906323792
92,83,36,5.2,3,4,6.530153517037244
108,78,0,10.4,3,5,6.900931254811982
287,96,27,2.6,1,6,10.30157844420676
263,70,24,10.3,3,3,6.703242098604547
219,79,18,10.4,2,4,7.944091223028925
138,86,13,10.0,3,1,3.010341328352936
245,100,4,13.5,1,2,5.383409228142033
248,98,7,6.8,2,10,15.6280608177362
255,90,34,8.0,1,9,14.6111467040202
292,98,6,6.1,1,5,9.835233373995676
137,86,17,13.5,1,5,8.323814650721571
161,76,32,5.0,3,8,12.826073148025237
111,79,0,8.2,1,2,3.9987191533350868
168,82,36,12.2,3,6,9.542537864239513
248,92,21,3.2,1,6,11.149165710779364
184,77,7,12.5,1,8,12.328199838609455
85,70,29,8.4,1,6,7.634833895386802
101,81,12,0.8,3,9,13.924184828311715
275,87,6,10.9,2,7,11.987560333678642
171,100,28,3.4,3,0,2.741441985925935
226,89,40,5.9,1,0,3.2038307168006037
293,78,0,0.7,1,5,9.989484256399235
146,88,39,12.8,1,4,6.333304888152928
232,73,29,12.3,2,2,4.883216021262488
90,92,14,13.8,1,5,7.327466369602201
175,89,36,11.2,2,3,6.968321485255931
139,96,22,5.9,1,8,11.768806313473807
104,77,0,12.4,1,0,2.043912843595748
64,96,21,13.3,2,7,10.116028474785747
141,87,36,13.7,1,8,11.962866161109009
298,75,17,4.7,3,8,13.527690293674079
203,89,15,11.2,3,8,12.754880296955331
71,78,36,7.7,2,7,9.65466322002258
237,98,39,0.6,2,2,5.746177280408238
197,94,37,5.3,1,5,8.873948869416752
159,86,5,11.7,2,4,7.239104203115248
195,96,15,10.7,1,8,12.197615739420618
275,100,20,4.7,2,8,13.159897043654631
136,82,0,4.8,3,1,4.607672621912976
218,70,16,4.0,3,2,6.603835331364236
291,72,0,11.5,3,10,15.33236755509617
252,98,0,13.2,3,2,6.171281274939959
228,80,29,13.5,1,3,6.480246867227402
137,96,7,11.9,3,5,8.210962560080882
282,78,0,5.5,2,5,9.477986250842187
82,96,5,6.4,1,2,4.229347028705605
99,91,5,2.1,3,10,13.49057934581173
247,77,0,14.4,1,9,14.600154603013284
272,95,0,10.0,2,7,11.506622824187023
277,100,35,5.7,2,8,13.990094496476615
279,75,0,11.2,2,8,13.586131232227103
259,82,10,9.4,2,6,10.939324071479216
146,99,25,3.7,1,9,13.379312164739066
160,76,16,14.0,2,7,11.218473045813818
234,77,0,6.0,2,5,10.24379098666236
182,88,0,14.3,2,2,4.530914469292147
284,85,8,14.8,1,4,8.771367404534148
89,87,0,0.3,1,6,7.997126262803897
160,96,0,14.1,1,10,13.39696396259573
204,71,38,12.9,3,10,15.235596226710786
84,85,0,6.2,2,5,8.519207119507197
190,74,20,7.1,1,2,4.753116896578684
189,93,19,0.5,1,3,6.46537992905807
194,84,22,7.4,2,9,12.847917732520997
164,80,0,0.8,2,7,10.075627632786322
91,81,0,5.2,3,8,11.20578454360964
169,98,25,9.7,2,5,8.278934638056084
275,97,16,12.3,3,10,15.694430574756383
121,85,30,12.0,1,5,8.391855241035746
161,78,24,13.3,2,0,2.015949104210596
136,100,0,14.9,1,6,9.194650467067165
294,93,6,6.5,3,0,4.613487323101207
85,92,32,6.2,1,6,8.265285584049844
207,92,39,9.5,2,10,14.530400230289324
271,83,26,9.0,3,5,9.170035128206695
264,98,18,7.1,3,9,13.7969670620311
204,86,33,14.9,2,6,9.466398550670851
206,76,0,10.4,2,2,5.701749805737902
287,98,0,14.7,1,4,8.970371870562559
96,96,0,3.9,3,10,13.087894923079963
100,79,0,12.1,1,2,3.5465673111889298
271,79,32,6.8,2,7,12.287401459948565
273,90,0,4.7,1,1,4.449722822176923
255,92,23,11.0,2,9,14.170779218715365
239,85,5,10.4,3,1,4.395784508622724
200,73,0,10.2,3,7,12.395682790495043
197,81,13,3.7,2,8,12.152552363823869
160,89,0,7.9,2,10,15.02576520028368
293,94,0,11.9,2,2,6.66378881202943
69,96,20,6.9,2,1,2.8919508978995516
154,72,15,2.1,1,2,5.183349642909475
60,88,7,9.6,2,6,7.723122662645119
185,84,0,14.5,1,1,2.819773406446396
204,89,37,1.9,1,9,13.578443675636793
100,91,18,8.0,2,8,10.856227205461822
68,87,0,10.2,3,0,1.8497670178009153
139,73,0,5.6,2,5,7.921827952555312
62,89,4,3.7,2,9,11.72695656897378
294,73,13,3.0,2,3,7.951256948227502
73,95,20,7.2,3,1,2.1002622031852667
203,91,21,14.8,1,10,14.493639633360898
182,95,39,3.5,1,1,3.290239060364942
239,91,0,5.9,1,5,9.777713774087005
184,79,13,5.6,1,4,7.330118206148092
148,96,7,1.5,3,3,6.375569472491378
129,80,22,1.9,3,0,0.8418192201304011
162,91,0,10.3,3,10,15.15650197536347
85,77,0,9.9,1,5,7.290664358497307
294,88,0,5.1,1,7,11.203603302634331
119,75,40,1.8,2,0,2.5111876654181637
264,98,19,1.0,2,10,15.908600550648027
72,79,20,1.9,3,8,10.51513953926115
271,76,40,13.5,1,3,7.420564442028351
298,81,37,1.5,3,0,4.124159550611238
118,96,9,0.1,1,6,9.277800705267316
155,90,8,1.5,2,1,4.13187006644028
121,91,6,3.2,1,2,4.844354802796468
227,86,11,11.9,2,10,14.536723218302368
107,78,17,7.4,1,9,12.705533543696923
133,88,0,2.1,1,0,1.783958931496557
194,85,9,8.8,3,9,13.910649277373768
144,79,39,1.1,1,4,7.269464324285617
158,98,5,3.1,1,6,10.504246527870427
145,84,0,8.8,2,5,8.441509584735744
182,87,21,14.2,3,2,5.218937996952031
295,100,28,10.4,1,4,8.687597171470959
121,99,17,1.9,2,1,2.3327673184311553
275,80,24,11.8,3,10,16.017377341437047
221,81,19,0.7,1,9,13.187617007068184
129,88,0,8.0,2,10,14.192242788795642
276,85,0,6.8,1,3,7.165661295162608
151,86,25,0.9,1,3,6.312658109327507
269,72,37,2.6,3,7,11.155639539818347
77,82,0,9.9,1,5,6.9934709154496915
194,82,0,14.4,3,8,12.424793516207298
227,96,0,12.1,1,4,8.378712808211953
184,95,32,3.1,3,4,7.477180958444826
97,96,38,6.8,2,3,5.064552277350699
166,85,35,8.6,2,9,12.883602360573612
64,82,4,0.5,2,10,11.894271767737184
296,72,30,10.0,3,10,16.251869613839013
84,79,0,10.3,2,7,9.343460935784904
141,76,16,14.2,3,8,11.969018098024252
203,77,34,11.4,2,6,10.288990511363968
112,76,19,14.5,3,0,2.277515037819528
81,70,32,0.0,1,8,10.169281001398083
150,81,0,11.5,1,9,13.288406797512302
291,86,32,13.0,1,3,7.090470735259438
220,76,0,13.0,3,5,9.173763868608788
182,96,20,8.9,2,7,10.587532234254683
237,80,8,2.2,1,8,12.00327600361284
74,74,0,7.3,3,4,5.788102945958944
293,85,30,11.7,3,4,9.083475242986816
222,86,40,8.1,3,3,7.2095548837582255
289,99,10,5.0,3,6,10.667870996617518
202,98,0,9.7,1,9,13.421675380001663
122,73,32,10.0,3,8,11.929186119139967
166,80,7,13.5,3,8,11.999435963278728
281,73,0,4.2,2,4,8.137755760882296
167,74,0,3.2,2,2,4.515027041842907
282,86,26,11.6,1,4,7.635898710834468
215,72,27,13.6,3,10,14.387178194395233
298,95,29,12.9,2,7,11.26787112698728
202,96,0,9.6,1,6,9.931819580433269
131,75,30,7.7,2,4,6.945443396364679
205,89,35,4.2,2,6,9.50822246463487
293,91,38,12.1,3,2,7.443052125431478
170,95,16,6.3,1,8,10.908105407021152
96,85,0,10.8,1,10,13.116159087242275
84,98,29,2.3,1,1,1.6977319809485374
246,90,11,14.4,3,5,9.610503101977125
269,83,0,3.3,3,3,6.982378002590731
114,85,22,10.6,3,4,7.43161559831128
270,73,40,9.1,1,9,13.825864745065598
215,79,0,5.6,3,7,12.67329720795931
151,78,36,3.9,1,10,14.462136684070138
166,77,37,10.0,1,2,5.803346540523845
224,85,20,10.2,2,0,3.8673651564093694
211,93,14,2.6,2,7,10.262709943879662
130,83,11,6.4,3,2,3.616298088694395
189,98,39,1.6,3,8,12.420348659167217
288,91,31,14.4,2,2,5.899893989496605
212,91,33,10.1,3,8,12.841732928684843
208,70,0,3.9,1,0,2.649632767952212
251,92,19,14.6,1,7,11.49581172154697
281,89,32,8.5,3,4,8.520747936947659
286,95,20,7.6,2,3,5.588355713821997
117,98,9,7.2,2,5,8.304481986535325
73,74,37,1.8,1,6,9.104523954588313
137,81,23,8.8,3,2,4.817332647867456
129,85,26,13.2,2,10,14.347523813130842
275,70,15,9.8,2,1,6.241785944493338
217,90,0,8.6,2,3,6.881108264050773
187,73,22,7.7,2,8,12.025311085780556
236,91,20,10.3,2,7,12.609336067859681
258,96,14,10.4,3,7,12.87951635039899
146,87,16,3.4,2,4,7.062534513166943
262,96,34,2.5,2,0,3.6042023851132043
103,95,0,0.9,1,3,5.159876105595898
221,96,35,4.5,1,8,11.671538715079516
189,82,7,11.3,3,10,14.897467625946147
199,78,0,6.4,3,7,11.96799657492024
231,85,40,9.8,1,5,9.750063121900034
185,97,0,6.3,3,1,3.7754685167656006
109,99,11,13.4,1,1,2.800353306822931
146,77,0,3.2,1,9,12.188466750710234
152,92,0,8.5,1,3,5.901229483961089
251,87,18,7.8,1,10,15.443330452679922
184,86,25,1.0,1,3,5.4700250404031765
217,98,39,9.7,1,6,9.539185046895106
260,94,13,8.3,3,2,5.177439760348864
238,98,31,4.4,1,4,7.808064115990409
239,95,0,0.6,1,0,4.286973584475658
76,85,23,2.4,1,6,9.605831158982081
188,82,0,11.6,2,0,1.8968608092283463
197,88,31,7.3,3,9,13.609444229600454
225,99,10,5.2,2,9,14.455628129256057
79,79,19,8.7,2,9,11.303122348092735
235,81,29,7.8,2,1,4.337568782884188
166,87,18,14.3,2,5,7.929579694753032
158,76,27,11.6,3,5,8.360469240433444
106,96,0,13.3,3,4,6.689316561261777
211,76,15,11.4,3,0,2.6596767233630545
155,82,4,6.6,1,4,7.613035315970954
247,88,21,1.5,2,7,12.21367305441689
187,92,37,8.6,3,2,4.981206447766386
267,71,4,6.5,1,6,11.279425930329406
234,72,0,9.4,2,2,5.991540016738232
106,71,33,9.9,1,0,1.8947880955974596
171,96,23,3.7,1,6,9.126864880660321
215,70,32,5.4,2,9,13.60226262692094
80,93,34,7.6,1,1,3.646734517801786
295,71,0,7.4,1,10,15.372091800905299
276,86,0,8.4,2,1,4.822232743187717
76,97,20,8.0,1,4,5.970064963071844
83,97,20,4.1,3,4,6.617809869192043
195,82,0,6.4,3,8,12.54313894462378
93,78,16,0.0,1,0,1.8033662777824175
214,93,6,7.6,2,6,8.924041891848397
169,87,25,11.9,2,4,7.971622446782363
187,72,14,4.9,3,2,5.467223070068143
231,99,7,8.0,2,10,15.114382372660366
129,81,0,1.8,3,2,4.017568256881007
254,79,9,9.4,3,4,8.14365417830196
145,72,31,7.4,2,4,6.678708657824365
291,97,34,13.2,1,2,5.941540107047019
86,94,0,3.8,1,10,14.014150940247138
267,86,0,4.4,1,4,8.189873306110863
213,77,19,5.7,1,7,10.759198203767628
76,84,19,6.3,2,4,5.958933138541797
69,78,17,9.1,2,3,6.139703707004312
267,84,8,13.1,2,2,5.996709980061577
86,96,40,2.7,2,1,2.3314752906860843
166,73,0,5.2,3,0,2.868019127661675
240,80,20,14.2,1,10,15.625009553059085
75,71,6,2.7,1,5,7.207082250206682
225,77,36,6.6,1,8,13.426060874210583
247,90,9,6.9,1,10,15.613792285728168
277,85,39,13.2,1,4,7.776097309994263
262,95,0,12.3,2,4,8.622499464635963
167,91,30,1.7,1,5,8.369757210278896
119,88,5,12.1,2,6,9.49644426961193
169,96,39,0.4,3,10,14.219319321793895
66,77,13,5.1,1,4,6.889143780131502
244,96,30,8.1,3,2,5.179581094027771
215,100,13,0.2,2,0,2.3056923897058885
289,81,0,10.1,1,0,3.830811320595877
280,82,19,2.1,2,6,11.012250739999885
186,86,28,11.7,3,4,7.355265104340144
221,74,14,15.0,1,5,8.623488439129165
177,91,9,1.6,2,6,10.394790622226113
240,83,39,13.3,2,5,8.312430867168306
119,79,24,4.6,1,1,3.0406627877349917
191,86,7,4.2,1,6,10.500464916391888
107,99,0,4.7,3,4,6.268935423890854
234,72,0,9.2,1,2,6.765247280130611
79,93,9,12.5,2,4,5.539770922462738
166,76,40,1.4,2,0,2.1029999760584266
66,83,6,2.4,3,10,12.869068911580959
186,86,14,3.6,1,1,2.680501979623388
293,82,30,4.3,2,1,5.626301945115111
235,70,12,10.1,1,6,10.102066927450483
279,81,0,0.7,1,6,10.306494751616766
135,77,0,10.6,3,1,3.4929963865320985
64,98,23,7.6,1,1,3.0385761959220545
67,86,24,9.9,3,9,12.509267420540796
227,70,4,1.5,2,0,3.0781918166546487
209,79,20,3.8,3,9,13.681392949971846
126,78,0,2.3,2,5,7.97954066553955
127,91,13,6.7,2,1,2.436900989976518
169,99,13,3.6,1,8,12.811132135792944
177,71,8,12.4,3,3,6.496268016699306
172,82,0,13.6,3,10,14.704850144900341
180,93,0,6.6,3,2,5.72347207319349
190,72,25,3.5,1,7,11.359346620443262
266,71,26,4.1,1,2,6.0956578697704025
227,87,27,7.5,2,1,4.187960139016053
208,92,32,8.8,1,4,7.325530749699406
297,85,0,7.8,2,9,14.691753642710779
132,79,6,0.6,2,0,2.3959787333586324
152,88,22,5.8,2,5,8.991118829915145
234,81,0,7.6,2,6,10.24912026874547
201,89,0,14.4,2,1,3.280972874604033
188,95,0,1.6,3,1,3.5376029364042068
238,77,4,12.1,1,6,10.826316866525616
198,96,25,14.5,1,9,13.034658209354111
145,78,16,7.2,2,4,6.845817693814693
84,80,32,7.8,1,7,9.630063784794574
65,85,0,2.1,3,4,6.367513616463166
274,80,0,4.7,2,7,11.440991540662576
282,94,17,4.6,1,8,13.292279063103559
191,71,6,3.3,3,9,13.799698915605523
118,92,18,13.3,3,7,10.926241576940502
207,76,0,11.5,3,1,3.9652424812262614
206,76,17,14.9,1,10,14.862942362469026
180,97,0,9.9,1,10,14.644067635573512
283,71,0,7.3,2,0,3.705252868754302
286,73,0,11.6,2,8,14.146184472350297
194,79,39,9.9,2,7,11.044036231167716
224,92,28,6.9,2,3,7.3714671090833175
272,99,22,14.7,3,1,3.928348933877159
252,85,0,3.7,1,4,8.650461439554855
91,85,15,11.8,1,0,1.6692818824898832
244,87,0,13.6,2,4,8.506296522459476
138,75,5,8.4,1,6,9.406882289322409
220,78,29,10.4,1,4,7.196422345983448
136,82,0,4.3,2,8,11.269867525183463
253,97,0,0.9,2,10,15.665647979942984
268,77,25,14.0,3,9,14.013734418675105
107,92,0,3.0,2,10,14.236520169823075
75,82,12,3.3,1,3,4.588635606715749
135,90,35,5.9,2,8,11.17505235387595
285,83,0,3.2,3,1,5.231717694359046
172,77,30,1.4,2,0,2.181338355998569
89,94,17,14.1,1,7,9.862856857460033
127,91,5,8.5,2,9,11.705647906056312
165,97,14,11.1,1,6,9.047274103091171
296,87,9,12.9,2,4,8.457100605643078
120,83,0,1.0,3,10,13.23996140613135
94,71,34,9.2,3,3,6.09933853660591
241,76,38,4.9,2,6,9.543951686809763
101,84,20,12.9,1,1,2.0906816938647563
98,92,40,13.7,3,10,13.547269598025261
161,86,7,11.4,3,5,8.530833605938199
246,71,14,6.3,2,4,8.03267812531685
213,96,0,13.6,3,1,4.479042299872251
209,94,30,13.2,1,0,3.467627751241331
296,77,20,2.1,3,9,14.470051824845534
105,77,31,9.6,1,3,5.1642435957917545
79,93,0,5.1,2,5,6.435622153344758
148,87,0,8.7,3,5,8.404574834305164
286,84,40,2.9,2,3,7.30148096709877
190,84,19,8.4,3,7,10.859270816916839
265,75,21,0.9,2,0,2.9236376517274274
91,97,30,12.4,1,9,11.911185678822477
287,86,26,9.3,1,6,11.680260253288392
145,84,0,7.7,3,1,3.1302403731485233
206,99,17,3.8,1,1,4.259644650269497
80,77,0,14.9,3,5,7.252099513453621
72,99,17,0.2,1,6,8.44908136831918
178,73,0,7.3,1,7,11.410888821964633
147,76,0,7.0,3,4,7.83704838892623
137,97,28,12.7,1,1,3.252369989211772
235,89,31,6.3,2,2,6.702163449589221
199,88,18,5.2,2,8,11.850695757086012
260,82,0,2.8,1,1,4.577147576242674
97,77,13,5.8,3,5,7.589775116722135
110,84,34,6.3,1,1,2.9920430005107628
67,89,0,13.9,1,4,5.722323144592226
174,87,38,3.2,3,9,13.585505139385157
131,80,27,7.2,3,0,1.638807131179988
125,99,26,10.5,1,4,7.0171355638286785
138,92,0,3.6,1,7,10.527166694284418
292,86,4,3.9,1,4,9.589891796650116
286,75,22,5.2,1,8,13.613169756939913
216,100,39,10.9,1,8,12.840176996938956
72,78,0,10.5,1,7,9.688268605076539
119,78,0,8.8,2,10,13.54162842428217
72,76,4,13.9,3,4,5.332011833141472
249,99,22,14.7,1,8,12.985838082151313
175,86,4,12.0,2,9,13.673587347294399
271,94,0,1.6,1,5,9.781551753457988
113,92,9,13.2,3,5,8.027685622479517
95,86,25,3.8,3,10,13.507071834598792
257,95,0,10.9,2,2,6.037991254219586
149,81,12,13.7,1,4,7.178929342288471
285,77,0,10.6,3,5,9.506650618012234
139,86,29,6.2,1,3,5.9158781138231
181,82,0,10.4,3,8,11.959455325018082
143,92,33,14.5,1,9,12.80367715146638
131,83,7,3.0,3,7,9.44419801623867
128,75,7,11.1,2,7,9.618042185233081
197,94,39,9.0,1,0,2.1442388684231797
167,72,38,2.7,1,3,6.327037611758926
204,72,25,12.9,1,2,5.142986884627611
272,97,8,7.5,1,1,5.197424356150326
285,79,27,6.3,1,5,9.443572278901723
246,86,34,12.3,2,10,14.831139627104198
234,76,4,4.3,1,1,3.8927680850100055
223,96,38,9.0,2,4,8.173978953916336
246,80,7,12.6,3,8,13.592335088408745
246,76,39,5.2,2,5,8.617061756328848
115,77,0,3.8,1,7,10.559357357276088
69,99,0,4.0,2,5,7.314997743103209
264,74,12,0.3,2,2,5.431900238216239
220,76,0,6.5,2,7,10.948612234720668
113,96,31,7.5,1,2,3.7966127950049704
230,74,0,12.7,2,7,11.669038231285086
213,87,0,0.1,1,2,4.823060797437202
157,82,26,0.5,1,3,6.445189592755547
275,90,19,1.0,3,6,10.67887582244733
232,78,36,7.4,1,5,9.647865211561657
99,84,7,6.5,2,1,2.7734189320813787
150,90,24,8.6,3,1,3.5142255336231467
247,90,21,8.4,1,5,9.120280026826018
117,72,24,13.0,2,2,4.152302358918838
175,88,30,9.7,3,10,13.609888646520263
227,72,0,14.1,2,8,13.14229895958136
138,82,19,3.8,2,10,13.62486433704588
80,93,31,13.5,2,3,4.810069097296126
67,78,0,10.2,1,9,11.840945621534203
158,97,33,11.7,3,4,6.389720423141363
193,82,31,2.8,2,9,12.856734296215901
196,99,18,13.9,3,5,9.070988974673053
216,84,30,14.0,1,10,14.80265314760957
87,73,21,2.6,2,6,8.803353675613254
271,84,20,12.6,2,5,9.723381257518492
233,84,40,4.6,2,3,6.784680498349475
214,100,4,6.3,1,7,11.494799652699722
145,87,15,12.7,2,10,14.413312129970379
182,79,10,7.5,3,3,6.307794473402709
83,95,29,10.7,1,4,7.191799241308392
86,78,13,3.7,1,5,7.183630315396073
143,76,0,11.6,3,3,6.069430322847032
257,94,0,5.3,2,0,2.6086138706216175
121,77,0,12.0,2,9,12.545704069993139
107,76,15,0.5,3,8,11.259009734494306
206,76,38,9.9,2,6,10.238167227826972
237,94,17,5.3,1,3,5.932017725852866
141,83,23,13.3,3,7,9.734244954205584
99,70,0,9.5,1,4,5.927403263301924
173,94,16,11.6,3,3,5.789141974363109
249,96,35,7.9,1,7,12.30405824435806
162,85,25,10.8,2,9,12.713393007060017
204,99,0,4.2,3,4,7.241866325409438
183,76,40,5.3,2,1,3.490931468924205
177,74,15,13.3,2,3,5.864830670496755
154,71,6,4.8,3,8,12.46294439520827
132,89,13,5.2,3,8,12.156814601389456
262,70,0,5.1,2,5,10.168528687919027
172,91,9,7.9,3,9,14.162044138212842
90,81,0,4.5,3,1,2.399252979465307
84,72,0,3.8,3,10,12.968951106246696
176,77,37,2.0,3,3,6.203474590604205
228,96,0,1.6,3,4,8.66364665176497
68,84,9,9.8,2,7,10.241058075587809
174,74,0,12.8,3,6,9.730731427406894
100,83,8,4.2,3,4,6.106439131329138
138,88,37,6.9,1,7,10.076277001659701
269,88,0,9.7,2,9,14.00171592791184
168,81,17,14.0,3,1,3.562398606585416
267,89,22,9.7,1,1,4.358132633699106
296,99,27,9.2,1,8,13.361242500479845
275,84,26,11.9,2,3,6.938051444164804
163,90,14,2.7,1,7,10.291242006308618
174,81,13,7.4,2,1,2.886621117275223
295,85,38,13.8,1,5,9.563596346590646
271,92,0,8.8,1,6,10.924878870729035
299,79,12,4.7,2,10,16.625675258173075
109,96,18,14.7,3,8,11.213952265679332
221,73,16,7.9,2,10,15.20178636504164
242,97,0,5.9,2,10,15.713434193926371
155,95,39,6.9,2,3,6.306548516654388
123,81,33,10.3,3,10,13.15006454554992
129,74,0,10.3,3,3,6.1807397971019205
131,84,40,3.9,2,10,13.466272403902945
293,88,34,8.2,2,10,16.11042968833837
205,94,0,3.6,2,1,3.7148689224862617
208,92,32,14.0,2,6,10.109384546744764
144,90,4,7.0,1,5,8.131448529692666
124,76,0,6.3,2,5,8.203219286219992
295,96,37,6.9,1,4,8.038142401167194
67,70,0,2.0,1,4,6.626216168090389
210,77,0,10.8,3,6,10.20900798205395
278,86,0,13.7,3,1,4.909225187467714
207,71,12,11.1,1,10,15.074534162575807
296,92,6,8.4,3,7,12.904681696478377
263,98,18,7.1,3,7,12.408864427023666
249,88,17,1.1,2,6,11.278059875949149
266,98,6,0.4,2,0,2.221476420778359
92,73,15,8.5,1,7,9.999562026778055
283,82,39,14.3,3,4,8.989655449869748
252,81,9,6.2,2,7,11.761216721224839
208,71,0,9.9,2,6,10.46631357665784
224,92,37,2.4,3,5,9.421421375835527
75,89,22,12.5,3,4,6.803098719706841
235,92,6,11.4,2,5,8.524458787242688
110,85,18,9.3,3,6,9.351728387491793
101,89,14,14.7,1,8,12.160142937208727
195,88,0,10.0,2,6,10.596400541029972
167,100,0,9.3,1,5,9.250013466900896
64,87,21,3.4,1,4,6.756759136057641
233,74,30,3.8,1,5,9.435939097478135
221,92,0,12.5,3,0,4.012866585172463
227,99,20,6.4,2,9,14.913825436893882
114,99,0,12.6,2,6,9.726047622060591
236,70,0,9.4,3,2,7.228157338900603
70,91,38,0.3,2,4,5.235749671900929
279,96,0,4.8,1,4,7.903816840467698
225,86,20,13.5,3,4,7.890856896117855
195,74,0,12.3,3,10,15.613529587648557
114,81,17,9.5,2,6,8.541689842068221
214,82,38,9.1,3,6,9.80008313722849
110,83,35,3.0,3,3,5.014455709916891
145,88,24,7.1,1,10,13.970324718951261
292,78,0,10.0,1,1,4.431021465317449
189,77,0,0.3,1,9,14.208580119785951
67,100,0,0.9,3,7,9.933407064968666
111,84,0,9.6,2,0,1.063558031130284
160,78,37,9.5,3,2,4.49457140734366
171,98,36,2.5,2,9,12.825766447129455
154,96,13,2.5,2,10,14.526874491588078
254,81,0,2.7,2,4,8.59686606969751
259,97,0,1.7,3,6,10.988514290669762
293,87,0,2.9,3,2,6.036934867957317
235,70,29,3.3,2,9,13.888043553835798
199,89,38,7.0,2,1,4.7839252572246185
77,91,4,7.2,1,3,5.171046513512575
125,88,13,9.8,1,5,7.5054684769781
213,72,0,6.7,1,6,10.69449791584397
257,96,40,9.4,3,8,11.837909830046966
249,95,27,12.3,1,0,3.5354240709541433
132,80,15,8.0,3,4,7.4756667197925495
178,77,0,10.1,1,4,6.401994039061242
100,92,0,14.4,1,5,7.575187953911559
235,89,30,1.8,1,1,4.499750809109359
147,93,10,6.2,3,1,3.6261623987249374
98,78,17,1.5,2,1,2.2844682518130957
226,97,35,5.0,2,0,2.5709835448800216
69,85,14,0.9,3,8,11.78056779870722
175,93,10,11.8,1,0,1.7428568020824384
297,90,34,13.3,2,3,7.792454299976336
143,98,32,4.4,2,4,7.084984386615521
135,99,0,6.0,2,5,8.24544082973078
95,84,35,1.6,2,0,2.061052517060721
82,80,0,14.0,3,2,3.2686256304505092
126,76,32,10.6,1,9,13.53619019129381
291,80,18,14.5,1,9,14.557044893798983
293,73,23,11.2,3,9,14.251745850051062
245,84,28,7.6,3,3,7.261090158895414
179,92,17,11.4,1,4,7.510382555084527
131,84,22,1.8,3,5,8.545493041534243
242,84,34,6.7,3,6,9.643230805259808
222,97,29,13.4,3,4,8.58892215351575
111,83,0,11.8,1,4,6.450041457068068
172,74,7,4.0,2,0,1.9825521561864246
240,85,0,4.8,3,1,4.814632058171965
132,74,34,0.5,1,2,4.331999289213443
288,99,38,3.3,3,5,9.940115182306702
250,94,0,0.7,3,9,14.172065017820831
223,97,21,4.2,3,7,11.330365546281131
184,98,31,7.2,1,0,3.478762694058616
275,79,0,5.3,1,1,4.659461520621916
297,82,0,2.6,1,1,5.833717053957709
119,81,29,4.6,1,2,4.450403818768846
244,86,37,3.3,3,10,15.679546693670567
148,98,0,3.6,1,3,6.2541161850357705
161,95,12,4.9,2,8,11.706085156123489
211,95,26,5.0,3,2,4.872040500164482
146,84,16,14.2,2,7,11.26823051593587
159,72,0,10.3,3,8,12.377478445453415
253,71,40,4.7,2,9,14.241570615179782
261,89,30,11.2,2,0,3.699641301606796
271,100,24,13.6,3,3,7.566217323886084
84,93,30,11.5,1,0,1.6496816812831019
167,82,4,8.7,1,0,2.2569753556205776
234,75,7,10.4,2,10,14.446520314416324
162,94,20,10.6,3,0,3.1066064874889303
101,83,0,0.3,3,9,12.292688182618146
82,99,23,10.6,1,4,5.42836420742447
167,78,20,10.1,3,6,9.01603786207685
219,84,0,10.1,1,3,6.297176217925021
227,92,32,14.9,3,2,5.798267134954031
222,89,26,14.1,3,3,6.738377459219399
227,94,0,11.3,1,3,6.356608462883136
146,92,40,2.0,3,6,9.286637526029107
89,87,21,13.8,3,9,12.504104808137738
105,87,0,1.5,2,0,1.8904335142031754
235,100,0,13.5,3,5,9.546286082111543
91,82,18,11.9,2,10,13.891838193948008
248,70,0,12.1,1,0,3.1958099072485497
63,93,0,9.4,2,9,12.020413650386718
160,95,28,3.6,3,0,2.198541952796566
285,86,0,10.5,1,3,7.27833006768063
191,70,37,9.0,3,2,5.127214275096242
76,90,0,1.0,3,6,9.429992343500615
238,88,25,3.4,2,4,8.376781400468404
121,95,0,1.7,1,6,9.28057962463266
146,90,0,14.7,2,9,12.038894841935328
234,77,21,10.3,1,7,11.33263946317669
278,85,29,6.2,3,9,14.096708584574134
91,96,0,12.9,3,8,10.549473029987688
231,77,21,10.3,3,2,5.708081956162097
192,79,35,5.4,3,4,7.3077640300718265
127,96,27,8.2,1,4,6.5969848572025445
253,100,7,12.6,1,1,5.065085982021223
216,90,0,2.1,3,3,5.6666015759489445
120,97,6,2.6,3,3,5.752289028093829
177,85,0,14.5,3,1,3.6782277912193058
177,89,0,3.6,3,9,13.755679059903256
298,79,8,11.9,1,10,16.195251367329472
60,80,0,4.0,1,9,11.875705270707176
250,87,32,4.4,2,2,6.559496227590386
173,100,27,11.4,3,4,7.37865071378006
295,81,35,3.1,3,1,4.830988846423691
230,80,0,9.2,3,3,6.595627714253011
99,87,13,10.9,2,6,8.051000104241517
287,95,0,8.6,2,4,8.468811541833194
174,88,0,10.1,3,1,4.730508985036442
193,87,0,6.3,3,2,5.565397233976524
175,93,12,10.1,2,9,14.009557498941742
185,87,0,12.1,3,0,3.6572463958468986
105,82,0,3.7,1,9,12.700250748411051
206,74,0,13.1,2,4,7.617611321094819
138,97,0,12.7,3,4,7.207992400859706
237,82,11,12.0,2,10,15.079503849697689
80,99,0,5.0,2,2,4.042125874385049
142,90,0,11.9,2,3,5.211982872884538
284,96,31,9.1,1,1,5.1674439891253225
197,81,24,3.1,3,4,7.960377170806604
129,86,10,2.1,3,5,7.199868440604099
266,71,0,5.9,2,9,15.136554528927622
190,83,0,5.2,1,5,8.88413117961441
289,87,29,2.8,3,9,14.494192533296335
195,100,0,13.4,3,4,7.2122861284083015
78,70,36,12.3,1,6,9.013903229272653
294,77,32,9.9,1,7,12.697110135831892
66,99,12,7.4,2,1,1.490667428343855
138,94,4,7.3,3,0,1.0616002595860137
300,77,15,3.4,3,3,7.3598800420866795
198,97,20,11.4,2,6,9.92916003639275
291,100,4,3.2,1,0,3.064637752444991
169,73,28,14.7,1,9,14.080049704073518
152,81,0,2.5,3,1,3.9229324063283375
85,95,34,10.6,3,5,8.218500753703642
211,78,26,9.7,2,2,5.162892318393777
226,81,13,11.7,2,5,9.57218428432205
261,95,35,7.0,3,7,11.93370108347755
77,88,0,5.7,3,10,13.538809389962715
214,89,35,2.6,1,9,14.575619382825844
209,83,40,6.9,1,2,4.885332956793026
210,84,11,14.5,2,5,8.289765934489864
127,99,26,13.7,1,6,9.635175648501495
290,71,34,14.6,1,6,11.718139964633254
118,87,35,1.8,1,8,11.405662580159802
116,79,34,3.2,3,5,7.590924735186901
195,95,23,9.5,3,8,11.837174758212557
275,70,30,0.8,1,2,5.398616735060828
139,94,38,10.4,1,6,9.139872728257451
202,75,31,11.3,1,9,13.358952379794173
251,98,20,0.1,2,1,5.616419623460493
178,70,39,2.8,3,2,5.859894443626061
98,74,0,8.5,2,1,3.0700443751801214
205,98,32,6.5,1,7,12.27861595588796
220,79,36,7.8,2,10,14.521918070589273
80,89,28,3.8,3,7,9.527877683608734
191,92,0,9.2,1,9,14.14402299396916
288,92,23,13.2,3,5,9.456745185487208
185,70,6,14.6,3,4,7.738182865443822
222,91,29,3.3,3,6,11.372760726103277
212,99,32,12.9,1,2,4.254937536176002
182,84,0,6.8,3,1,3.057398073240379
189,73,6,3.2,3,1,4.200858863390993
271,99,23,14.9,1,4,8.48606290447526
230,80,15,2.8,3,1,4.441131702673287
298,80,27,5.6,1,8,13.099992386009188
198,83,19,14.8,3,6,9.719612433157188
170,83,8,4.1,1,1,3.12191845623574
164,73,13,8.5,2,3,6.917628316894037
232,84,0,13.3,3,4,8.764791553376359
65,99,16,9.1,1,7,10.0488730592082
186,98,29,8.0,3,4,7.901055197594812
153,88,26,10.2,3,2,5.343003709859249
245,91,0,8.7,2,8,12.786966783896988
131,88,32,5.2,1,10,13.59125966399057
238,74,0,5.7,2,2,5.775258725765174
73,93,16,10.8,3,9,11.760823105870141
205,95,10,10.4,3,7,10.438536256681848
187,72,39,1.9,1,7,12.281865805635377
79,83,30,4.1,2,7,10.266491282848849
172,98,4,2.0,3,7,11.59510960975459
213,78,38,6.3,2,8,13.820549889790488
96,75,0,4.8,1,3,6.107707287577345
281,79,32,4.3,1,8,13.568770386994279
255,77,0,0.8,1,4,8.05210234308659
251,77,36,14.1,2,2,5.002457749579106
93,88,11,6.5,3,5,8.085701455115032
236,98,20,3.3,2,5,9.744536783012665
189,81,11,11.2,2,2,4.8031563641015005
296,75,7,12.7,3,5,9.561769138308323
103,88,0,14.8,1,8,11.684385413854173
249,82,31,2.1,1,10,15.702827887788938
102,87,30,6.9,2,5,8.22400155346492
266,100,0,13.7,3,2,6.022713693364075
187,95,8,13.6,1,8,13.151408901926011
149,87,0,4.9,3,7,11.186007930532696
285,78,0,7.0,2,7,12.987296515021281
236,86,33,1.4,2,6,10.232882239027905
154,94,0,2.6,3,4,7.590597457869921
111,83,11,7.7,1,3,4.778719718754659
112,97,0,14.6,1,6,8.522424843185718
130,86,32,12.3,2,10,13.74402321651529
293,74,24,2.2,2,4,8.518273502682769
80,70,17,6.5,2,1,2.2042253174475195
176,91,36,2.9,2,0,2.1694145239959877
175,72,0,6.5,1,4,7.040266313984653
275,98,30,8.9,1,1,4.798473455899687
248,74,8,14.7,1,5,8.804590346530114
82,85,0,9.2,1,9,12.447825532688043
255,100,0,14.2,3,5,8.900452498873241
239,72,0,10.3,3,2,6.430030031345047
108,84,7,2.2,1,4,6.577102342269037
156,96,31,1.9,3,5,8.621450022624078
230,99,21,5.0,1,4,7.746883469017028
147,89,32,2.7,3,6,9.076815838494351
244,70,0,14.5,3,4,8.901126113800117
202,71,0,11.3,2,8,12.37875788906606
68,100,22,1.5,1,9,12.902318622727455
171,97,4,13.1,3,3,6.822374767685294
180,95,25,4.9,1,9,14.109634584681519
149,72,34,9.2,2,5,8.784647115919887
192,83,26,9.2,2,2,5.485579699161035
233,92,31,10.8,3,4,7.519007988159429
106,81,0,11.3,3,8,11.59996777384255
296,82,0,9.1,2,5,9.77498900668947
300,96,0,1.8,1,9,15.394905983433436
138,85,19,12.4,2,3,6.520936873892524
290,84,25,13.0,1,5,10.088430018356915
63,72,0,13.8,3,3,4.788397982296372
185,94,0,5.3,2,8,12.080818129761584
222,79,17,1.7,1,1,4.284895851694731
196,76,6,14.2,2,7,11.003155359305847
202,90,33,2.7,1,8,12.957582272297433
107,91,40,8.7,2,1,3.0090726229978624
269,80,0,0.6,2,1,5.005384532195452
176,70,12,0.6,1,2,3.7754815882696544
250,70,14,9.6,2,7,12.005644488098055
225,79,29,13.8,3,2,5.257736205031277
295,81,0,0.5,1,8,12.948173460372738
264,73,29,3.5,3,5,9.995771332536266
216,90,27,14.2,2,3,7.0798956620250015
131,89,22,12.8,2,10,13.64907833799062
183,91,26,2.9,2,3,6.009629861348624
127,87,18,5.6,1,9,12.448859140905238
124,85,39,5.0,2,7,10.574217049650677
130,79,18,8.3,1,6,9.305736797932534
211,92,24,10.0,2,7,10.676934779338637
218,70,9,5.3,3,10,14.645093024084153
214,84,37,14.2,1,6,10.46973400696031
286,73,20,5.3,2,5,9.895896441036276
243,77,29,13.6,2,9,14.294253199300686
262,82,27,11.9,1,7,12.734607057412623
242,82,17,1.4,2,8,12.891681721942664
184,74,25,6.3,2,10,14.153659595316805
298,81,4,12.7,3,1,5.410516353127976
268,92,4,7.5,3,6,10.0813343935177
166,92,23,10.1,1,8,12.016564299398476
239,78,5,11.4,1,7,11.951784747675019
101,81,23,0.7,2,9,12.721704084412362
300,86,15,14.4,1,2,5.568078899080575
290,91,19,8.7,3,6,10.86838328072939
155,80,0,3.2,3,6,9.360831979074765
175,78,22,2.9,2,8,11.647321807243204
158,88,0,8.1,2,1,3.059347138145597
147,100,26,14.0,2,3,5.576231731154027
180,95,23,8.4,2,7,10.878812270947444
252,91,6,8.2,2,9,14.578659573299554
114,92,24,8.6,1,7,10.603567951604374
171,84,0,10.6,2,1,3.500268556356465
272,98,24,2.8,1,9,14.443444778137167
244,82,14,8.6,1,9,13.941036451424923
126,96,0,4.9,2,7,10.088459461473814
291,79,32,11.2,1,8,12.683512518998217
262,78,0,4.6,2,7,12.687853742378381
155,86,21,10.0,2,10,14.485488024092763
218,84,23,3.5,2,7,10.733533851605344
277,74,5,0.5,1,7,12.268686086991318
291,85,32,8.1,2,8,13.104592701458543
74,78,5,12.2,3,4,6.350736081970052
123,79,0,7.4,1,10,14.43923514491981
253,71,10,3.5,1,2,6.611064275613038
291,76,15,14.8,3,3,7.286360651412185
295,94,20,13.2,3,0,4.011649072128409
223,74,9,1.1,1,4,8.8509300933447
228,88,16,3.3,2,10,15.542164807065193
176,79,5,3.1,2,8,11.45794661494848
266,82,0,6.3,2,0,3.5124145125373825
209,99,38,10.9,1,10,15.263744659542727
205,83,29,2.8,3,6,11.288745037917153
77,76,14,1.7,1,7,9.61021469528468
185,72,24,9.9,1,1,4.465805386760818
276,71,14,8.9,1,6,10.958628833072957
176,94,21,6.4,3,7,11.068297472543726
124,81,0,4.2,3,5,8.289453802037105
169,74,10,10.7,1,0,3.188667168531897
253,93,7,9.7,2,1,5.353824807664143
177,76,21,12.8,3,3,5.357911832517579
78,78,0,4.0,3,2,4.419011402359821
181,73,0,8.2,2,8,11.380404415598619
101,90,8,13.0,3,4,6.222991364235508
180,75,5,13.9,1,9,13.805363333619505
146,70,6,5.2,1,0,2.72519280610456
209,78,0,2.1,1,2,5.354465738718959
271,94,25,4.7,3,6,10.129853437650523
243,89,19,0.4,3,2,6.994357049647231
182,81,6,14.9,2,3,6.5428117404397055
269,71,0,14.2,1,10,15.795311176718645
286,73,13,14.1,2,0,3.772279539274544
140,88,0,2.2,3,4,6.395330014475936
228,96,24,15.0,1,0,3.0691332311920467
119,89,0,7.2,3,9,12.851075889495641
130,76,29,9.1,3,7,10.344149820902457
80,100,27,8.1,1,9,11.803740184403107
198,98,0,6.8,3,10,14.22085549303578
249,71,22,7.8,2,7,11.018884727960934
261,86,12,8.2,1,9,13.974418665682585
168,73,13,13.1,2,9,13.543251227527607
67,90,0,0.4,3,0,1.523129693686713
149,95,17,6.8,2,1,3.4601885318293255
192,87,0,8.6,1,7,11.11647827585076
215,86,17,9.5,3,5,8.732377255086588
96,84,8,13.0,3,10,14.36854104812011
189,100,25,14.7,2,10,14.909421605907252
168,78,0,3.2,3,10,14.316357887355
159,73,35,14.9,2,8,11.315176075825377
238,99,7,2.0,3,7,11.48226177393698
120,100,36,14.1,3,9,12.312100915292346
200,93,0,4.9,2,1,3.626501045764557
101,100,4,1.4,2,6,9.148593428007818
112,78,0,5.6,2,5,7.788263243680153
217,74,16,8.0,2,9,13.406043360848345
166,87,11,8.5,3,0,1.950808077028203
92,86,40,13.9,1,10,13.716458968983723
72,87,0,11.2,2,1,3.0857800009426475
171,91,0,9.0,1,9,13.129024284444368
171,80,11,13.6,2,2,5.060346613328427
177,95,0,7.3,1,1,3.7318168391144733
68,73,31,3.2,3,7,9.121766832735204
286,91,39,6.0,1,6,11.849331821204263
171,96,22,3.3,3,2,4.871900084624367
66,88,8,10.5,1,2,3.7941292708808416
272,92,0,13.0,1,7,12.107647433299713
278,88,32,4.6,3,6,10.94594834300512
117,96,16,11.7,3,0,2.0538426391999987
168,90,0,13.6,3,7,10.849786628876494
103,75,11,3.8,2,0,2.248323356000826
172,99,0,14.0,2,0,2.438254486443801
245,87,0,3.8,3,1,5.102969456798882
183,95,5,7.7,3,7,11.05864975665345
150,91,0,0.7,1,2,5.455972173218151
204,99,34,2.6,3,1,3.7826635064189156
197,75,0,0.6,1,5,8.810860569353162
84,76,37,2.8,3,8,11.305333093983066
136,96,0,14.2,1,4,6.8299148619388195
175,86,34,11.3,1,4,7.1461885286997155
185,78,24,5.4,3,10,15.00918603172811
163,89,36,3.3,3,2,5.369232038554971
269,97,25,11.5,2,8,12.665320619591933
170,70,0,11.4,3,9,12.851201136352838
259,100,28,10.2,3,7,12.003628698463382
238,84,6,6.4,1,1,3.2129419816378295
71,91,6,9.8,3,7,10.450505039323307
180,81,24,14.0,2,0,2.069481663383907
298,78,14,0.3,2,1,4.890702393567451
248,88,0,8.8,1,9,14.828848383048902
229,99,0,8.6,2,8,12.422895695429109
165,71,0,0.4,1,9,12.897336238399602
254,84,23,9.5,1,7,11.4302889547304
156,70,0,0.3,2,4,6.943583047074321
109,76,22,7.1,1,10,13.319430144865155
114,70,0,8.2,3,1,2.7392640208511114
196,72,21,8.4,1,7,10.728212518626547
289,98,20,2.7,1,7,11.32601459055156
227,81,14,8.4,1,8,12.905827101043583
299,71,0,4.6,3,3,7.861037720249897
190,79,17,4.5,3,4,7.60683601199861
76,91,13,0.9,1,5,7.416593147356509
171,72,39,10.1,3,9,12.556956181098352
296,73,25,6.2,2,0,4.879478810368775
153,91,19,3.9,3,5,8.502834259320746
160,96,19,9.9,1,9,13.559901886198613
270,94,0,1.6,3,3,7.701847954451325
74,88,22,10.5,1,1,2.8954628122535513
125,88,13,5.2,1,7,10.860016279697907
295,95,16,7.8,1,7,12.482525609231004
180,99,10,11.9,3,3,6.653417073186462
118,76,0,7.3,3,2,4.400792417467965
159,83,0,8.1,3,0,2.5386077129010665
149,83,7,4.0,3,8,11.868401361191461
161,83,23,3.7,1,7,11.208499613041692
246,76,6,10.3,1,8,12.456494631447944
208,78,40,13.4,3,8,12.564578132156887
296,76,18,14.2,2,8,13.376507055892557
117,82,10,7.7,2,2,4.232273010788914
179,81,15,4.5,2,1,4.672685894910854
174,92,0,12.5,1,2,4.700707016106072
183,91,15,5.4,1,3,5.954722715142898
123,80,20,13.4,3,6,9.682281227306898
285,71,18,12.9,3,8,13.823089947488116
241,84,0,1.0,2,2,5.805010053318714
126,86,30,6.4,1,5,7.078706366723505
72,82,11,9.6,3,0,1.8286673809357494
132,85,35,11.6,3,3,5.718817982636493
133,93,37,5.6,3,2,4.223364277886282
178,100,24,11.1,3,8,12.228433692018532
137,92,11,6.9,2,3,6.197719817763258
69,89,39,2.8,3,1,1.6451862406672322
102,88,0,6.4,1,1,3.2866976008877784
117,88,39,14.2,3,8,11.894621958176046
282,97,35,13.1,3,7,12.396617957552786
245,82,14,6.8,1,8,13.228208895433733
227,76,0,5.1,1,6,10.602139244804956
100,72,23,12.5,3,6,8.668566504927801
167,93,7,9.7,1,0,2.5503386736605824
295,95,0,6.5,1,6,11.005090543406714
251,100,32,3.4,1,2,5.412015302965024
288,91,10,14.3,2,9,14.539040170631417
120,81,15,2.8,2,5,6.8732455443903016
265,99,0,2.6,3,10,14.946828617686139
238,82,0,12.5,2,5,9.717704074311408
291,93,18,13.3,1,0,4.134423786608867
282,81,5,9.0,2,1,4.622920413814527
184,87,24,12.8,1,4,6.756340581611597
244,88,9,7.7,3,1,4.4257429216649316
144,86,26,1.1,3,8,11.460507472966661
105,97,37,1.1,1,4,7.212775956681603
217,73,19,11.3,2,7,11.917797425406611
252,99,11,14.0,3,8,12.867089288464477
249,87,7,2.6,1,10,15.703714767764446
175,90,40,4.6,2,8,11.051772335971544
248,72,14,6.8,1,6,10.781214547508748
251,70,4,9.2,1,4,8.527524272123392
106,99,0,7.1,3,5,7.8969047427969
287,83,11,9.8,1,1,5.342551423453487
69,79,26,9.9,1,7,9.583635705344486
170,95,33,2.8,2,2,5.014142550606434
65,70,0,14.1,1,5,6.8567148981252855
186,77,0,2.5,3,1,3.6206135788334106
201,80,25,13.2,3,9,13.792802621821624
291,79,14,7.3,2,10,15.718275485625066
282,86,26,9.5,3,6,10.587865475235665
297,80,30,14.7,1,7,12.212947067588344
222,97,16,13.3,1,1,3.2505152175162415
180,96,35,2.9,3,6,8.9103923063352
135,82,0,6.1,3,0,2.85358044484933
93,88,13,14.3,1,4,7.50908348050292
89,100,0,14.3,1,5,7.907355598029119
296,74,0,0.3,3,7,11.447840150458607
286,81,0,7.4,2,9,14.40593472873791
159,75,5,7.5,1,0,2.3936916384170273
239,73,0,6.1,3,9,13.51121062801164
261,83,26,5.2,3,7,12.493306591731027
78,99,6,12.1,1,7,9.34692709835322
66,87,11,14.9,2,8,11.279113308229807
252,94,14,4.0,3,5,9.144892693899754
70,77,37,14.8,1,0,1.888745902562624
107,85,19,9.1,1,3,5.679970023965572
221,72,37,1.9,1,8,12.908087216652664
169,74,0,13.3,2,5,8.873785814008006
296,85,7,1.7,3,4,8.90781953309075
196,99,18,2.4,2,9,14.075298351818228
241,96,40,14.7,3,1,4.470114012458364
258,97,31,9.9,1,10,15.554383342927228
164,93,0,5.8,2,9,14.527287277432585
180,96,26,2.8,3,3,6.591990771113748
90,94,0,9.3,3,1,2.2691388610544347
145,85,17,1.9,3,1,3.252881713164821
109,88,0,7.5,1,4,6.2060745462096465
143,95,29,13.4,1,4,6.925806668207557
112,92,0,6.2,2,10,13.86918550343101
253,85,18,5.4,3,4,8.553533174761778
168,85,24,2.9,2,2,4.866345882056354
137,76,34,3.2,2,4,7.451039535940825
295,85,10,4.7,3,6,10.96210085261223
87,96,22,12.3,3,9,12.064923659392635
63,73,29,13.3,3,2,3.306754113575698
137,82,0,7.2,3,9,13.629150242935626
83,75,32,5.2,1,10,13.369160165374305
93,85,33,8.3,2,3,5.123367052356495
173,98,23,1.8,1,0,3.193054586152746
264,81,40,1.0,3,3,7.2700457694055425
273,99,0,6.5,2,8,13.17645856754195
241,82,21,11.6,1,4,8.763130877639572
114,84,19,2.1,1,0,2.987410795888054
226,82,33,2.2,3,4,8.406431152748375
83,84,22,12.2,2,1,3.4561935585202157
74,88,0,5.8,1,5,6.430210365908539
230,95,4,13.3,1,7,12.418758598055165
288,82,26,6.8,2,10,16.464173950940467
132,80,10,8.4,1,0,3.4034133973309872
156,83,30,8.5,2,9,12.560884030321983
215,91,16,13.8,2,10,15.16778585420994
150,88,4,3.0,1,2,5.199941636776735
156,93,14,9.5,1,8,11.447279528323856
218,70,21,1.5,1,9,13.755992375038584
294,74,14,0.6,2,6,11.032524355041065
236,93,0,13.2,3,1,4.992061813206195
229,98,0,10.3,1,6,11.403679245086767
230,92,39,11.6,1,2,5.547618510214581
127,80,10,3.5,1,9,12.684271856025049
77,93,36,9.3,1,0,1.6756653820177463
139,83,17,4.2,2,7,10.61422836214294
67,93,33,3.7,2,3,4.7160470122274685
205,84,26,9.6,2,9,14.467890440630823
74,96,8,10.0,2,10,13.561532484261601
277,72,31,7.1,1,5,9.358035177714179
268,72,37,3.3,2,4,9.12156295654758
161,80,34,4.1,2,9,13.7506658254577
259,92,17,14.5,3,9,14.981800096683127
170,80,0,12.3,2,0,1.9563635217386681
71,75,0,5.6,1,5,8.182307608111387
149,88,17,3.7,1,6,9.025852990037713
218,99,16,5.0,1,1,5.066580572852754
127,88,34,1.6,3,6,9.631748033388908
274,73,28,2.6,3,6,10.751948571342618
125,85,21,3.2,3,2,3.8753478710275653
184,94,33,8.4,1,3,5.854445000133847
